,eye_id,timestamp,topic,confidence,diameter_2d [px],diameter_3d [mm],timestamp_corrected
76195,0,1583864125.11079,pupil.0,0.9990475249860608,43.385647763998,2.722008283347352,0.006597042083740234
76197,0,1583864125.1188588,pupil.0,0.9995926734406104,43.302156954263246,2.7167619448232205,0.014665842056274414
76199,0,1583864125.1834118,pupil.0,0.999342900893822,43.39928707138395,2.7228202331119564,0.07921886444091797
76200,0,1583864125.1914806,pupil.0,0.9992640956756268,43.38658125439184,2.7219858309107945,0.08728766441345215
76202,0,1583864125.19955,pupil.0,0.9996071172101928,43.26436106578122,2.7143382758253347,0.09535694122314453
76206,0,1583864125.215688,pupil.0,0.9991281885311236,43.49632406096273,2.7288605481923236,0.1114950180053711
76208,0,1583864125.223757,pupil.0,0.9990900267301249,43.46294938102659,2.7267230431015674,0.11956405639648438
76210,0,1583864125.2318258,pupil.0,0.9335385182905058,43.11333869662876,2.704833842770422,0.12763285636901855
76212,0,1583864125.2398946,pupil.0,0.9950132583468008,43.54293493501116,2.7318115389825937,0.13570165634155273
76214,0,1583864125.2479641,pupil.0,0.9969020417567436,43.7058552021694,2.7420314858670034,0.14377117156982422
76216,0,1583864125.256033,pupil.0,0.8699309623750843,43.30153040950017,2.716727303874748,0.1518399715423584
76218,0,1583864125.264102,pupil.0,0.9489456425500482,43.49465426162306,2.7287837951020184,0.15990900993347168
76220,0,1583864125.272171,pupil.0,0.9987588918875114,43.7150680872274,2.742660988970881,0.16797804832458496
76222,0,1583864125.2802398,pupil.0,0.9987684945743309,43.71421338884668,2.742592049219458,0.17604684829711914
76224,0,1583864125.2883089,pupil.0,0.9993716417714522,43.56747412307593,2.7334296943790037,0.18411588668823242
76226,0,1583864125.296378,pupil.0,0.8384753881028492,43.472361934374725,2.7275268386386844,0.1921849250793457
76228,0,1583864125.3044472,pupil.0,0.9988261016258346,43.7128115774056,2.7424987675431,0.20025420188903809
76230,0,1583864125.312516,pupil.0,0.8558976331570788,43.38437186909958,2.7220329690781395,0.20832300186157227
76234,0,1583864125.3286538,pupil.0,0.8226372049287217,43.272662334842956,2.7149958375382384,0.22446084022521973
76236,0,1583864125.3367226,pupil.0,0.9987481205664992,43.953930039338246,2.7577112881242423,0.2325296401977539
76238,0,1583864125.3447928,pupil.0,0.8340294502634364,43.36356476943365,2.7207063995489795,0.2405998706817627
76242,0,1583864125.3609312,pupil.0,0.9990696435505484,43.91600328729513,2.755321472860679,0.25673818588256836
76245,0,1583864125.369,pupil.0,0.8850568479262328,43.64634642277507,2.7385187663649124,0.26480698585510254
76246,0,1583864125.377069,pupil.0,0.9996877356291228,43.69895027583404,2.741707783943882,0.2728760242462158
76248,0,1583864125.385138,pupil.0,0.8602669497861007,43.847531706614596,2.751153748120858,0.2809450626373291
76250,0,1583864125.3932068,pupil.0,0.9994303114877636,43.94847598320918,2.7573441193840345,0.2890138626098633
76252,0,1583864125.4012759,pupil.0,0.9991681328717616,44.18822444507991,2.7724581899853478,0.29708290100097656
76255,0,1583864125.409345,pupil.0,0.824490056173853,44.1479527945386,2.770019440583184,0.30515193939208984
76259,0,1583864125.425483,pupil.0,0.8264933230296204,44.22600085741454,2.7749487762868945,0.3212900161743164
76261,0,1583864125.433552,pupil.0,0.9932719081419016,44.31319770095784,2.7803296152528123,0.3293590545654297
76262,0,1583864125.4416206,pupil.0,0.998814675409026,44.53081694860125,2.793957057448809,0.33742761611938477
76267,0,1583864125.457759,pupil.0,0.9987177986898952,44.470374045716966,2.790124608759045,0.35356593132019043
76268,0,1583864125.465828,pupil.0,0.9992700014324316,44.40955555291988,2.78629026522174,0.3616349697113037
76272,0,1583864125.481966,pupil.0,0.8441388550458147,44.147059006423305,2.7699649504849178,0.3777730464935303
76274,0,1583864125.4900348,pupil.0,0.9992372487751378,44.47462613212963,2.7903596274314117,0.38584184646606445
76277,0,1583864125.4981046,pupil.0,0.9992652023257736,44.43436373012296,2.787801755095878,0.39391160011291504
76278,0,1583864125.5061738,pupil.0,0.8048877684560684,44.17062317803547,2.7713624423195875,0.4019808769226074
76280,0,1583864125.514243,pupil.0,0.9990468580773892,44.65625544456945,2.8017685296768335,0.4100499153137207
76282,0,1583864125.522312,pupil.0,0.946313777575063,44.641299729987324,2.800848787788011,0.418118953704834
76284,0,1583864125.530381,pupil.0,0.8263820165678843,44.04801091716761,2.763742664398372,0.42618799209594727
76286,0,1583864125.53845,pupil.0,0.991343887353397,44.51621331061728,2.793735577396994,0.43425703048706055
76288,0,1583864125.5465188,pupil.0,0.9996402045237348,44.533664958659756,2.7970234926240294,0.4423258304595947
76290,0,1583864125.5545876,pupil.0,0.9917952996148031,44.965686470974845,2.8264435214436725,0.4503946304321289
76292,0,1583864125.5626569,pupil.0,0.9897225369318416,44.97782016256394,2.828129841124103,0.4584639072418213
76294,0,1583864125.570726,pupil.0,0.973043364001953,45.32827840351658,2.849844087078392,0.46653294563293457
76296,0,1583864125.578795,pupil.0,0.9894878981062036,45.56890108900246,2.8649673734743937,0.47460198402404785
76298,0,1583864125.586864,pupil.0,0.9745813318559092,44.186472413238924,2.7781908046490216,0.48267102241516113
76299,0,1583864125.594933,pupil.0,0.9973457022515756,45.368745036531365,2.852458977868701,0.4907400608062744
76302,0,1583864125.6030018,pupil.0,0.955080734713508,45.33845935396739,2.8505845962174665,0.4988088607788086
76304,0,1583864125.6110706,pupil.0,0.9234195392315993,45.47951362929704,2.859438187422287,0.5068776607513428
76306,0,1583864125.6191401,pupil.0,0.99500376256225,45.60013167065917,2.8670469998696877,0.5149471759796143
76308,0,1583864125.627209,pupil.0,0.9822157075047332,45.378330650403356,2.8530246468040388,0.5230159759521484
76310,0,1583864125.635278,pupil.0,0.9551922671143608,45.3458179433971,2.850913878163328,0.5310850143432617
76312,0,1583864125.643347,pupil.0,0.9532168297113528,45.48661413980561,2.859777469873209,0.539154052734375
76314,0,1583864125.651417,pupil.0,0.9308091238100346,45.36246748981496,2.8519325877857,0.5472240447998047
76316,0,1583864125.6594858,pupil.0,0.9751340089130032,45.19328334868835,2.8413345861402184,0.5552928447723389
76318,0,1583864125.6675546,pupil.0,0.9980763684701373,45.40819148627887,2.8549879865140713,0.563361644744873
76320,0,1583864125.6756241,pupil.0,0.9476082177764956,45.563001515395726,2.8646384701137664,0.5714311599731445
76322,0,1583864125.683693,pupil.0,0.9025251953286719,45.5055818772884,2.8609323027168263,0.5794999599456787
76324,0,1583864125.691762,pupil.0,0.9976940763248432,45.48292544146819,2.8596368293850225,0.587568998336792
76326,0,1583864125.699831,pupil.0,0.9395898893702584,45.713663549657866,2.8740854208259647,0.5956380367279053
76328,0,1583864125.7078998,pupil.0,0.9976487123581664,45.56444922568765,2.8648062150956304,0.6037068367004395
76330,0,1583864125.7159688,pupil.0,0.9967888535680529,45.490206079924754,2.8601291493835106,0.6117758750915527
76332,0,1583864125.7240381,pupil.0,0.8781665798825906,45.564212992663215,2.864744661449157,0.6198451519012451
76334,0,1583864125.732107,pupil.0,0.9901016722426528,45.41586856390485,2.8554018394154332,0.6279139518737793
76336,0,1583864125.740176,pupil.0,0.997804072712334,45.48577659962349,2.859813006981004,0.6359829902648926
76338,0,1583864125.748245,pupil.0,0.9980734695786414,45.39060140927701,2.8537848625091047,0.6440520286560059
76340,0,1583864125.7563136,pupil.0,0.9975918374221874,45.624996710285494,2.8685847442310752,0.6521205902099609
76342,0,1583864125.7643828,pupil.0,0.9000595115647321,45.59551888875382,2.8667185560645048,0.6601898670196533
76344,0,1583864125.7724519,pupil.0,0.9506082587299398,45.63201425335864,2.8690593868225784,0.6682589054107666
76346,0,1583864125.7805212,pupil.0,0.9971347240089368,45.816417724175075,2.8806502153331857,0.676328182220459
76348,0,1583864125.78859,pupil.0,0.9941588144790309,45.61438443322445,2.8678915368842754,0.6843969821929932
76350,0,1583864125.796659,pupil.0,0.9327386836886408,45.51006395003691,2.8613447188009973,0.6924660205841064
76353,0,1583864125.804729,pupil.0,0.9978518588097072,45.656262631890925,2.870626034332941,0.7005360126495361
76355,0,1583864125.812798,pupil.0,0.9975226651930048,45.596156840772565,2.8668049718025075,0.7086050510406494
76356,0,1583864125.8208668,pupil.0,0.9919840498876203,45.77423153212478,2.8780299109419087,0.7166738510131836
76359,0,1583864125.8289359,pupil.0,0.9974613371423342,45.777876556058,2.8781899055310864,0.7247428894042969
76361,0,1583864125.8370051,pupil.0,0.9524567051034288,45.80491092912942,2.8799562378704686,0.7328121662139893
76362,0,1583864125.845074,pupil.0,0.9884394681503208,45.56833643601573,2.865050911898133,0.7408809661865234
76365,0,1583864125.853143,pupil.0,0.9837062491435659,45.75086314305495,2.8765438965805137,0.7489500045776367
76366,0,1583864125.861212,pupil.0,0.9982052590895126,45.62254258751398,2.8684685470482747,0.75701904296875
76369,0,1583864125.8692806,pupil.0,0.9975826808101792,45.79967427673301,2.8796049521535765,0.7650876045227051
76370,0,1583864125.87735,pupil.0,0.9350380892105292,45.860055843354225,2.88341258241853,0.7731571197509766
76372,0,1583864125.885419,pupil.0,0.9981252234528818,45.64538568677521,2.869904908008354,0.7812259197235107
76375,0,1583864125.8934882,pupil.0,0.9969998738468612,46.002967694179624,2.8924378253447456,0.7892951965332031
76377,0,1583864125.901557,pupil.0,0.9905616758943432,45.72055424086753,2.8746703329165917,0.7973639965057373
76378,0,1583864125.909626,pupil.0,0.9568427927296907,45.9483984325809,2.88895694230406,0.8054330348968506
76380,0,1583864125.9176948,pupil.0,0.9757656682435122,46.039578213573535,2.8946804370823656,0.8135018348693848
76382,0,1583864125.9257636,pupil.0,0.9974975895758558,46.01513156894796,2.893168773005627,0.821570634841919
76385,0,1583864125.9338331,pupil.0,0.9972867681452109,46.02981774832361,2.894039542869212,0.8296401500701904
76386,0,1583864125.941902,pupil.0,0.9977591096669816,45.9450253809686,2.888638383053553,0.8377089500427246
76389,0,1583864125.9499712,pupil.0,0.9981569956713958,45.977506129551344,2.8906239586958367,0.845778226852417
76390,0,1583864125.958041,pupil.0,0.997305501833148,46.189472541179896,2.9040033797018507,0.8538479804992676
76393,0,1583864125.96611,pupil.0,0.9978682684658402,46.00828641913725,2.892575217375838,0.8619170188903809
76394,0,1583864125.9741788,pupil.0,0.9577223039034912,46.09133112400863,2.8977021125825178,0.869985818862915
76396,0,1583864125.9822476,pupil.0,0.9589397068009178,45.9767958205521,2.890527175285197,0.8780546188354492
76398,0,1583864125.9903169,pupil.0,0.9456632396701607,46.20845365965933,2.9050586834689236,0.8861238956451416
76400,0,1583864125.998386,pupil.0,0.914873850613108,46.14375001410282,2.9010041489723672,0.8941929340362549
76402,0,1583864126.0064552,pupil.0,0.9975900459245288,46.289841568229434,2.9102185410014445,0.9022622108459473
76404,0,1583864126.014524,pupil.0,0.9978594962469644,46.4171116745601,2.9181978255660503,0.9103310108184814
76406,0,1583864126.022593,pupil.0,0.9973276010993918,46.52356682643876,2.924879393666832,0.9184000492095947
76408,0,1583864126.0306618,pupil.0,0.9974028009502632,46.44355031099259,2.919920416326831,0.9264688491821289
76410,0,1583864126.0387306,pupil.0,0.9859212508205152,46.490250661657285,2.9227680695902962,0.9345376491546631
76412,0,1583864126.0468,pupil.0,0.9970143917597538,46.800449950991506,2.9422560053542344,0.9426069259643555
76413,0,1583864126.054869,pupil.0,0.9982927729348908,46.43825367080845,2.9194487702524032,0.9506759643554688
76416,0,1583864126.062938,pupil.0,0.983649575784826,46.70908201748942,2.9365064565182224,0.958745002746582
76417,0,1583864126.071007,pupil.0,0.9828969017355238,46.67915884636339,2.934591730336355,0.9668140411376953
76419,0,1583864126.0790758,pupil.0,0.9554889742427756,46.99084332832289,2.954217620703885,0.9748828411102295
76421,0,1583864126.0871446,pupil.0,0.9975628581138204,46.92199217760417,2.9498604084152245,0.9829516410827637
76423,0,1583864126.0952141,pupil.0,0.9981755445783352,46.80674144445649,2.9426187916299016,0.9910211563110352
76425,0,1583864126.103283,pupil.0,0.922652992122486,46.61440370940466,2.9304650029253976,0.9990899562835693
76427,0,1583864126.111352,pupil.0,0.9804254072157268,46.98266477288345,2.9536577521417198,1.0071589946746826
76429,0,1583864126.119422,pupil.0,0.9976371327324928,47.16854553546146,2.965316984763679,1.0152289867401123
76431,0,1583864126.127491,pupil.0,0.9975215074056278,47.09703916617336,2.960817194151708,1.0232980251312256
76434,0,1583864126.1355598,pupil.0,0.990488492548908,47.274512252479774,2.9720954473146164,1.0313668251037598
76435,0,1583864126.1436286,pupil.0,0.99794811891739,47.09607901719244,2.9607291187692337,1.039435625076294
76437,0,1583864126.151698,pupil.0,0.9973445593131038,47.309626618487094,2.974257382468061,1.0475051403045654
76439,0,1583864126.159767,pupil.0,0.9975593502316134,47.32434333027073,2.975098177290897,1.0555739402770996
76441,0,1583864126.167836,pupil.0,0.9974658244689568,47.400236887912385,2.979043102410728,1.063642978668213
76443,0,1583864126.175905,pupil.0,0.9349949332886632,47.01521273012372,2.9522846951110653,1.0717120170593262
76445,0,1583864126.183974,pupil.0,0.9993859537190644,46.593475875915445,2.9234856962858333,1.0797810554504395
76447,0,1583864126.1920428,pupil.0,0.8354642400840332,46.13283284109417,2.8940056330627177,1.0878498554229736
76451,0,1583864126.2081811,pupil.0,0.8140670357328552,45.863466306312205,2.877043070123836,1.1039881706237793
76453,0,1583864126.21625,pupil.0,0.8005741350816628,46.122573413047284,2.89324249440356,1.1120569705963135
76455,0,1583864126.224319,pupil.0,0.9664216180079508,47.152458349994276,2.9577976525142766,1.1201260089874268
76457,0,1583864126.232388,pupil.0,0.9995348356736672,46.88949572206043,2.9412176119109863,1.12819504737854
76459,0,1583864126.2404568,pupil.0,0.8303129896710852,46.52907255958204,2.9187298210667776,1.1362638473510742
76461,0,1583864126.2485259,pupil.0,0.99935043928023,47.121544840389454,2.9557875595852887,1.1443328857421875
76463,0,1583864126.256595,pupil.0,0.9995742154423564,46.96482687715054,2.9459220203506327,1.1524019241333008
76465,0,1583864126.2646642,pupil.0,0.9853324536989886,47.15172451790879,2.9576235811794733,1.1604712009429932
76468,0,1583864126.272734,pupil.0,0.9964014915094106,47.04359734306803,2.9508755098369215,1.1685409545898438
76469,0,1583864126.280803,pupil.0,0.9992866220350498,47.30066766272886,2.9669493063226837,1.176609992980957
76471,0,1583864126.288872,pupil.0,0.999135822625479,47.34024601581953,2.9694412045051815,1.1846790313720703
76473,0,1583864126.2969408,pupil.0,0.950796992248724,47.31601737646484,2.9679418814455216,1.1927478313446045
76475,0,1583864126.3050098,pupil.0,0.9992503468487424,47.31525015235743,2.9678406784742655,1.2008168697357178
76477,0,1583864126.3130786,pupil.0,0.8575534871446173,47.02410475275432,2.9496167914783538,1.208885669708252
76480,0,1583864126.3211482,pupil.0,0.9983795730269494,47.66132026258514,2.9896043144337336,1.2169551849365234
76482,0,1583864126.329217,pupil.0,0.9994782253724224,47.3438449926315,2.9696329996923487,1.2250239849090576
76483,0,1583864126.337286,pupil.0,0.99878560502629,47.465121630286724,2.9772629290503336,1.233093023300171
76488,0,1583864126.3534238,pupil.0,0.93871490839994,47.22937873257674,2.9623616817517813,1.2492308616638184
76489,0,1583864126.3614929,pupil.0,0.9526722489903658,47.347883047495834,2.9698052677440065,1.2572999000549316
76491,0,1583864126.369562,pupil.0,0.9995741445826852,47.236726979111,2.9628113710738266,1.265368938446045
76494,0,1583864126.377631,pupil.0,0.9707782360100397,47.40575047281625,2.9734478307952785,1.2734379768371582
76495,0,1583864126.3857,pupil.0,0.998143664584818,47.83356615326321,3.000408867816346,1.2815070152282715
76497,0,1583864126.393769,pupil.0,0.998921210098778,47.78599266044671,2.99732334696227,1.2895760536193848
76500,0,1583864126.4018376,pupil.0,0.9662113616438328,47.64960003740121,2.988834886974723,1.2976446151733398
76501,0,1583864126.4099069,pupil.0,0.9988584308056424,47.6506375942768,2.988795778418203,1.3057138919830322
76503,0,1583864126.417976,pupil.0,0.9961713926104389,47.67508744680164,2.9903758721757483,1.3137829303741455
76507,0,1583864126.434115,pupil.0,0.9722582416139908,47.636167749710175,2.987849136709073,1.3299219608306885
76509,0,1583864126.442184,pupil.0,0.9989693071539868,47.67413704789256,2.9902878795672985,1.3379909992218018
76511,0,1583864126.450253,pupil.0,0.998376358872533,47.980362777979714,3.009481555190065,1.346060037612915
76513,0,1583864126.4583216,pupil.0,0.9989384405342524,47.88113256868347,3.003208183994876,1.3541285991668701
76515,0,1583864126.4663908,pupil.0,0.999101460826383,47.814100591241754,2.9990348277960277,1.3621978759765625
76517,0,1583864126.47446,pupil.0,0.9719633997542748,47.724841644103826,2.993375819337456,1.3702669143676758
76519,0,1583864126.482529,pupil.0,0.9986992287205236,47.848699561234454,3.001214864417705,1.378335952758789
76521,0,1583864126.490598,pupil.0,0.9941424916249156,48.03504601718485,3.012888305432618,1.3864049911499023
76523,0,1583864126.498667,pupil.0,0.9990976119764368,47.70057304625496,2.991860614867617,1.3944740295410156
76531,0,1583864126.530943,pupil.0,0.9681658416841754,47.87452193541255,3.0027507287947466,1.4267499446868896
76533,0,1583864126.539012,pupil.0,0.9990502146108596,47.82584585581278,2.9997520715592567,1.434818983078003
76535,0,1583864126.547081,pupil.0,0.9987979386351776,47.93206484663032,3.0063863332082144,1.4428880214691162
76537,0,1583864126.55515,pupil.0,0.9946109515682512,47.91800688924399,3.0055784478887526,1.4509570598602295
76539,0,1583864126.5632188,pupil.0,0.985350048178321,47.85759041409953,3.0025205530988104,1.4590258598327637
76541,0,1583864126.571288,pupil.0,0.9989827288271532,47.838056647912595,3.0023189345356447,1.467095136642456
76543,0,1583864126.579358,pupil.0,0.9984628266786184,47.97978504750598,3.011442282368033,1.4751651287078857
76545,0,1583864126.587427,pupil.0,0.9676001932737142,47.89319085135703,3.0058793878269885,1.48323392868042
76547,0,1583864126.5954962,pupil.0,0.9404082589854328,48.01252100029701,3.0133561996838694,1.4913032054901123
76549,0,1583864126.603565,pupil.0,0.9991209860526936,47.895706839736995,3.00598416531169,1.4993720054626465
76551,0,1583864126.611634,pupil.0,0.9898486571386368,48.06360760010057,3.016549094697234,1.5074410438537598
76555,0,1583864126.627772,pupil.0,0.8048875860630993,47.42944587609397,2.976898697484056,1.5235791206359863
76559,0,1583864126.64391,pupil.0,0.9986390896949806,47.99995479774368,3.0126556863491327,1.5397169589996338
76561,0,1583864126.651979,pupil.0,0.9985337292572798,48.23572935327535,3.0275092972562403,1.547785997390747
76563,0,1583864126.660048,pupil.0,0.8340083904671503,47.93905393740736,3.008932555481856,1.5558550357818604
76565,0,1583864126.6681168,pupil.0,0.9976724176274724,48.060674757738724,3.016387233366487,1.5639238357543945
76567,0,1583864126.6761858,pupil.0,0.9989899675958124,48.004189828441284,3.0127624729861187,1.5719928741455078
76571,0,1583864126.692324,pupil.0,0.9986291373528025,48.130939299983204,3.0207177851917386,1.5881309509277344
76572,0,1583864126.700393,pupil.0,0.9985886515692356,48.18264888561522,3.0239402486498252,1.5961999893188477
76574,0,1583864126.708462,pupil.0,0.9987795343671726,48.11998016598081,3.020017041011485,1.604269027709961
76576,0,1583864126.7165306,pupil.0,0.9989954604765812,48.045684728941964,3.015343598723901,1.612337589263916
76578,0,1583864126.7245998,pupil.0,0.9931157330564814,47.985251474318474,3.0115080627739066,1.6204068660736084
76580,0,1583864126.7326686,pupil.0,0.9989556938007724,48.034280872858616,3.0146504559689222,1.6284756660461426
76582,0,1583864126.7407386,pupil.0,0.9539726661867236,47.941746733333495,3.0088443335325135,1.6365456581115723
76585,0,1583864126.748808,pupil.0,0.8834225146006914,47.87001718509224,3.004418790316922,1.6446149349212646
76586,0,1583864126.756877,pupil.0,0.9985140185470316,48.171000341702964,3.023245092037794,1.652683973312378
76589,0,1583864126.764946,pupil.0,0.9980839732008032,48.23174817051674,3.027132580140909,1.6607530117034912
76591,0,1583864126.773015,pupil.0,0.9985668614612064,48.099244921589616,3.0187327334619574,1.6688220500946045
76593,0,1583864126.7810838,pupil.0,0.9990458152921841,47.920866717955896,3.007554741765692,1.6768908500671387
76595,0,1583864126.7891526,pupil.0,0.9987468104237224,48.00075152179564,3.0125582460879063,1.6849596500396729
76597,0,1583864126.805291,pupil.0,0.9985275669958804,48.01910554756106,3.013675823811435,1.7010979652404785
76599,0,1583864126.81336,pupil.0,0.998891524257904,47.912412530489505,3.0069762279275163,1.7091670036315918
76601,0,1583864126.821429,pupil.0,0.99443828233232,47.82110837645929,3.0012769838442837,1.717236042022705
76602,0,1583864126.8294976,pupil.0,0.9988482173384908,47.90495633509961,3.006474901671951,1.7253046035766602
76604,0,1583864126.8375669,pupil.0,0.9987437658443584,47.801720021640136,3.000033069346193,1.7333738803863525
76606,0,1583864126.845636,pupil.0,0.9984564243963124,47.96841879711803,3.010488643135992,1.7414429187774658
76609,0,1583864126.8537052,pupil.0,0.9988281007620824,47.82888417627074,3.0017111043693445,1.7495121955871582
76610,0,1583864126.861774,pupil.0,0.9989351994707396,47.68267205436389,2.9925358314142985,1.7575809955596924
76612,0,1583864126.869843,pupil.0,0.9985454201695768,47.763290496103906,2.9976555417452837,1.7656500339508057
76614,0,1583864126.8779118,pupil.0,0.9985272736763432,47.90720217133752,3.006693034847087,1.7737188339233398
76617,0,1583864126.8859806,pupil.0,0.9989458066376966,47.559652200483434,2.9848682077907656,1.781787633895874
76619,0,1583864126.89405,pupil.0,0.972266528742496,47.823676935375964,3.0014600268662512,1.7898569107055664
76620,0,1583864126.9021199,pupil.0,0.9976701357215833,47.992988138745616,3.0120926487517323,1.797926902770996
76622,0,1583864126.9101892,pupil.0,0.9975178172377002,48.0586019943276,3.0162379751436585,1.8059961795806885
76624,0,1583864126.918258,pupil.0,0.8278868965507584,47.4398546380865,3.0507286640543585,1.8140649795532227
76626,0,1583864126.926327,pupil.0,0.9985846552579041,47.693165721788205,3.066854084089428,1.822134017944336
76628,0,1583864126.934396,pupil.0,0.9985974064110844,47.6327857284396,3.0629924919871465,1.8302030563354492
76630,0,1583864126.9424648,pupil.0,0.9984548932669712,47.643015227509935,3.0636175403080244,1.8382718563079834
76632,0,1583864126.9505339,pupil.0,0.9985791886321602,47.61141414292576,3.0615730299196624,1.8463408946990967
76634,0,1583864126.958603,pupil.0,0.9817642981045996,47.832371077845465,3.0757951524244445,1.85440993309021
76636,0,1583864126.9666722,pupil.0,0.9981633141440588,47.76057631250123,3.0711814175261947,1.8624792098999023
76638,0,1583864126.974741,pupil.0,1.0,46.82368825722021,3.0110664620161622,1.8705480098724365
76640,0,1583864126.98281,pupil.0,0.997424351677328,47.89478702379181,3.0797936117176734,1.8786170482635498
76642,0,1583864126.9908788,pupil.0,0.9978989817464176,47.714614086649334,3.068215428879358,1.886685848236084
76644,0,1583864126.998948,pupil.0,0.9976840248547238,47.8211126838269,3.0750355596894168,1.8947551250457764
76646,0,1583864127.007017,pupil.0,0.9904809447908904,47.80519030334122,3.0741105762741867,1.9028239250183105
76648,0,1583864127.015086,pupil.0,0.9978068559634072,47.91637287707347,3.0812468747697443,1.9108929634094238
76650,0,1583864127.023155,pupil.0,0.9974382752108024,47.918547075885115,3.0813611275308834,1.918962001800537
76652,0,1583864127.031224,pupil.0,0.9977371500639988,47.73004446660747,3.0692363107130545,1.9270310401916504
76654,0,1583864127.0392928,pupil.0,0.9980592598067376,47.73896536962994,3.069846091467891,1.9350998401641846
76656,0,1583864127.0473628,pupil.0,0.9893925079141715,46.9099675754091,3.016668381071978,1.9431698322296143
76658,0,1583864127.0554318,pupil.0,0.8677593551060079,47.34502146266357,3.044560719607246,1.9512388706207275
76660,0,1583864127.063501,pupil.0,0.9951855466892534,47.791035015762404,3.073191261889128,1.9593079090118408
76663,0,1583864127.079639,pupil.0,0.99744954067841,47.87600552534483,3.078616238918245,1.9754459857940674
76665,0,1583864127.087708,pupil.0,0.9982742074176458,47.53217203024762,3.056448643756783,1.9835150241851807
76667,0,1583864127.095777,pupil.0,0.9977239492026,47.717314375393954,3.0684190066051533,1.991584062576294
76669,0,1583864127.1038456,pupil.0,0.9977175251894812,47.900117490669174,3.080173047934898,1.999652624130249
76671,0,1583864127.1119149,pupil.0,0.9612927654323634,46.938634072597196,3.018477154364647,2.0077219009399414
76673,0,1583864127.119984,pupil.0,0.9352025769670946,46.87434860735812,3.0144726387362124,2.0157909393310547
76675,0,1583864127.128053,pupil.0,0.8792336228312243,47.411633619466656,3.048725302543301,2.023859977722168
76677,0,1583864127.136122,pupil.0,0.998106178046962,47.55469979958333,3.0577952126619423,2.0319290161132812
76679,0,1583864127.144191,pupil.0,0.9977137938214646,47.781783435251796,3.0724136386866303,2.0399980545043945
76681,0,1583864127.1522598,pupil.0,0.9979446614219794,47.76093996004685,3.0711328716178348,2.0480668544769287
76683,0,1583864127.1603286,pupil.0,0.8892860807486634,47.66507176019808,3.0649995194521997,2.056135654449463
76685,0,1583864127.1683981,pupil.0,0.9977293838110692,47.81260285602921,3.0744296503917536,2.0642051696777344
76687,0,1583864127.176467,pupil.0,0.9979475206265206,47.71167183123996,3.0679291995837485,2.0722739696502686
76689,0,1583864127.184536,pupil.0,0.9978789883277249,47.73545124308661,3.0694393115122622,2.080343008041382
76691,0,1583864127.192605,pupil.0,0.9150789512469056,47.25990306298347,3.038804360646311,2.088412046432495
76693,0,1583864127.200675,pupil.0,0.9984812879953668,47.43183088506359,3.048782592557725,2.096482038497925
76696,0,1583864127.2087438,pupil.0,0.9987837782788234,47.364987118009424,3.0438556605103524,2.104550838470459
76698,0,1583864127.2168126,pupil.0,0.9988368496217106,47.36173669969449,3.0437376178681896,2.112619638442993
76700,0,1583864127.2248821,pupil.0,0.9989377056159882,47.26666509002579,3.037586427409948,2.1206891536712646
76702,0,1583864127.232951,pupil.0,0.9906438683702016,47.131996195488526,3.0288682011103116,2.128757953643799
76703,0,1583864127.24102,pupil.0,0.9984523275524748,47.398505168325656,3.0460044843787384,2.136826992034912
76706,0,1583864127.249089,pupil.0,0.998241544954087,47.461598315397616,3.0500293771416414,2.1448960304260254
76708,0,1583864127.2571578,pupil.0,0.9989415325033124,47.32264555593339,3.041027541407637,2.1529648303985596
76709,0,1583864127.2652268,pupil.0,0.8176927556617705,46.36833302742015,2.9798110879867568,2.161033868789673
76712,0,1583864127.273296,pupil.0,0.8338297376518968,46.62753034094392,2.9963685730077745,2.1691031455993652
76713,0,1583864127.2813652,pupil.0,0.9989631211421724,47.32013567962321,3.0409044468806488,2.1771721839904785
76716,0,1583864127.289434,pupil.0,0.9989736181970554,47.334204067272786,3.0417979474985293,2.1852409839630127
76718,0,1583864127.297503,pupil.0,0.9990044930741856,47.3348979615897,3.0417988046626037,2.193310022354126
76719,0,1583864127.305572,pupil.0,0.998894177911978,47.34942690224838,3.0427675689075016,2.2013790607452393
76722,0,1583864127.3136408,pupil.0,0.999255170541018,47.19116052634214,3.0326407574366545,2.2094478607177734
76723,0,1583864127.3217099,pupil.0,0.8029661805204972,46.8074587967556,3.007910669705956,2.2175168991088867
76726,0,1583864127.329779,pupil.0,0.9986386497256572,47.45108105704035,3.049282587918098,2.2255859375
76728,0,1583864127.337848,pupil.0,0.9983418047391224,47.651280987037275,3.062166059825385,2.2336549758911133
76730,0,1583864127.345917,pupil.0,0.9986087682462906,47.43584217066778,3.0483336209407286,2.2417240142822266
76731,0,1583864127.353986,pupil.0,0.9990535049130472,47.31096110191261,3.0402847594819047,2.24979305267334
76734,0,1583864127.362056,pupil.0,0.8708621400250709,46.87848518286229,3.0125095383963996,2.2578630447387695
76735,0,1583864127.3701248,pupil.0,0.9991012925848101,47.39201985370782,3.0455255815236866,2.2659318447113037
76737,0,1583864127.3781939,pupil.0,0.9989010816689884,47.264372417132904,3.0372225657693983,2.274000883102417
76739,0,1583864127.3862631,pupil.0,0.8494407588737382,46.65373066373788,2.9980696915211063,2.2820701599121094
76741,0,1583864127.394332,pupil.0,0.9991826419593,47.25356626534708,3.0364993468638772,2.2901389598846436
76743,0,1583864127.402401,pupil.0,0.9987482396020152,47.4760437537091,3.0508379031831137,2.298207998275757
76745,0,1583864127.41047,pupil.0,0.9986965659883592,47.49196303865528,3.0518481481640194,2.30627703666687
76747,0,1583864127.4185386,pupil.0,0.9990568758032784,47.4174537229301,3.047134305675383,2.314345598220825
76749,0,1583864127.4266078,pupil.0,0.9990232656082654,47.40834166282733,3.046513022689152,2.3224148750305176
76751,0,1583864127.434677,pupil.0,0.9975079539114884,47.49121182309253,3.051800946418292,2.330483913421631
76753,0,1583864127.4427462,pupil.0,0.9991484419431738,47.40637506933986,3.0463802497412624,2.3385531902313232
76755,0,1583864127.450815,pupil.0,0.998947835108317,47.50918221107032,3.053038960458548,2.3466219902038574
76757,0,1583864127.458884,pupil.0,0.99287708774789,47.43173728506315,3.0480985615004137,2.3546910285949707
76759,0,1583864127.4669528,pupil.0,0.99893335316083,47.425958255231905,3.047702700172937,2.362759828567505
76761,0,1583864127.4750216,pupil.0,0.9990528749621554,47.37924510384692,3.044674557968663,2.370828628540039
76763,0,1583864127.4830909,pupil.0,0.99913540442911,47.225257997435996,3.0348149271570635,2.3788979053497314
76765,0,1583864127.49116,pupil.0,0.998891001961726,47.31687462036459,3.040787647564319,2.3869669437408447
76767,0,1583864127.499229,pupil.0,0.8912377857089059,46.69298534353604,3.0006555694044863,2.395035982131958
76769,0,1583864127.507298,pupil.0,0.9984358419919356,47.11848132327518,3.0278987920754963,2.4031050205230713
76771,0,1583864127.515367,pupil.0,0.9987135006840172,46.94429485464738,3.016741832625858,2.4111740589141846
76773,0,1583864127.523437,pupil.0,0.9988174518547276,46.74182688512971,3.003716486216105,2.4192440509796143
76775,0,1583864127.5315056,pupil.0,0.8446434055138022,46.08572063209713,2.9616778400976114,2.4273126125335693
76777,0,1583864127.5395749,pupil.0,0.9661864148189364,46.60799576150462,2.9951238225451613,2.4353818893432617
76779,0,1583864127.547644,pupil.0,0.998416609546252,46.46819835724234,2.9862183717270665,2.443450927734375
76781,0,1583864127.5557132,pupil.0,0.9988829772946192,46.20614788371916,2.9694230278843796,2.4515202045440674
76783,0,1583864127.563782,pupil.0,0.99864131986416,46.1737100973811,2.967294708305696,2.4595890045166016
76785,0,1583864127.571851,pupil.0,0.8108139891784997,45.207034867579075,2.905273179486479,2.467658042907715
76787,0,1583864127.5799198,pupil.0,0.9992419324925892,45.68080023962194,2.9363015057838577,2.475726842880249
76789,0,1583864127.5879886,pupil.0,0.9986195233997012,45.698342187698756,2.9378846241226784,2.483795642852783
76791,0,1583864127.596058,pupil.0,0.9986418073088124,45.74312876036183,2.9407602371415957,2.4918649196624756
76793,0,1583864127.604127,pupil.0,0.9986710424459686,45.56343502075181,2.9291668537311564,2.499933958053589
76795,0,1583864127.6121962,pupil.0,0.9985961658393864,45.52989405039659,2.9270537630490185,2.5080032348632812
76797,0,1583864127.620265,pupil.0,0.9990284537602858,45.11452818673988,2.900394393446246,2.5160720348358154
76801,0,1583864127.6364028,pupil.0,0.9995263404727596,44.7050084252795,2.8740086161187794,2.532209873199463
76803,0,1583864127.6444721,pupil.0,0.9996696635474082,44.556408943238296,2.8644311747950004,2.5402791500091553
76805,0,1583864127.652541,pupil.0,0.9947235178745076,44.638795823429,2.869771749611456,2.5483479499816895
76807,0,1583864127.66061,pupil.0,0.9215229485064068,44.0856027809055,2.8342334333142047,2.5564169883728027
76811,0,1583864127.676749,pupil.0,0.991883013203885,44.49741627593718,2.8607359726980106,2.5725560188293457
76814,0,1583864127.684818,pupil.0,0.8231956901596496,44.151597010847176,2.8385722535034703,2.580625057220459
76815,0,1583864127.6928868,pupil.0,0.9748024306278521,44.36722379333235,2.8523681279365887,2.588693857192993
76817,0,1583864127.700956,pupil.0,0.9047863986017708,43.828574217300215,2.8177934521718164,2.5967631340026855
76819,0,1583864127.709025,pupil.0,0.9377563252354724,43.737858793734695,2.8119367769014256,2.6048319339752197
76821,0,1583864127.717094,pupil.0,0.9996167816063348,44.15826213997051,2.838935489649636,2.612900972366333
76824,0,1583864127.725163,pupil.0,0.9990980986877716,44.23364720973075,2.8437865896697856,2.6209700107574463
76826,0,1583864127.733232,pupil.0,0.9992520637716412,44.25972360572619,2.845439004795292,2.6290390491485596
76827,0,1583864127.7413008,pupil.0,0.9993577300049956,44.210022000083256,2.842225856650392,2.6371078491210938
76830,0,1583864127.7493699,pupil.0,0.9991512848526812,44.18499916069293,2.8406429916188327,2.645176887512207
76832,0,1583864127.7574391,pupil.0,0.9993606734587366,44.16294457698403,2.8392129208071517,2.6532461643218994
76836,0,1583864127.773577,pupil.0,0.9573073433955441,43.68366018906861,2.8084653593778253,2.669384002685547
76837,0,1583864127.781646,pupil.0,0.9990192271230562,44.25493759934799,2.8451547234415706,2.67745304107666
76840,0,1583864127.7897148,pupil.0,0.9992715825195619,44.14415232876128,2.8380596040097505,2.6855218410491943
76841,0,1583864127.797784,pupil.0,0.9992964034419576,44.25205681370144,2.844942921124456,2.6935911178588867
76844,0,1583864127.805853,pupil.0,0.999353521688489,44.13937524760378,2.837762920375564,2.701659917831421
76846,0,1583864127.8139222,pupil.0,0.9992107447209048,44.201665465610276,2.841763399994932,2.7097291946411133
76847,0,1583864127.821991,pupil.0,0.9993432027529452,44.178835608408015,2.8402730980860467,2.7177979946136475
76849,0,1583864127.830061,pupil.0,0.9994098566781016,44.236718736105566,2.8440403748110152,2.725867986679077
76851,0,1583864127.83813,pupil.0,0.9991423998731996,44.247128173603045,2.844701813982196,2.7339370250701904
76853,0,1583864127.8461988,pupil.0,0.9992378148462242,44.2910597866839,2.8474867856545285,2.7420058250427246
76855,0,1583864127.8542678,pupil.0,0.98741571473739,44.210596017147886,2.8423808803223385,2.750074863433838
76857,0,1583864127.8623366,pupil.0,0.9994126932550174,44.31569576591074,2.8491182815063243,2.758143663406372
76859,0,1583864127.8704062,pupil.0,0.9989585516874198,44.54803712557384,2.864094886870248,2.7662131786346436
76861,0,1583864127.878475,pupil.0,0.9992476082284184,44.360549468142096,2.8520146640155364,2.7742819786071777
76863,0,1583864127.886544,pupil.0,0.999343691622548,44.363090308932364,2.8520966700473838,2.782351016998291
76865,0,1583864127.894613,pupil.0,0.8198702953022059,44.231689435970175,2.84379701722318,2.7904200553894043
76867,0,1583864127.9026818,pupil.0,0.9987297922064248,44.75264449507753,2.8772347219913432,2.7984888553619385
76869,0,1583864127.9107509,pupil.0,0.9989335998621416,44.7280023476052,2.8756505921568247,2.8065578937530518
76871,0,1583864127.91882,pupil.0,0.9988123154586984,44.74552495584842,2.876845334417152,2.814626932144165
76875,0,1583864127.934958,pupil.0,0.9984932203272732,44.92559889471489,2.8884413097396298,2.8307650089263916
76877,0,1583864127.943027,pupil.0,0.990660093892998,44.846976455721425,2.883374923831364,2.838834047317505
76879,0,1583864127.9510958,pupil.0,0.9632728409005208,44.8358163300759,2.8826649498098127,2.846902847290039
76883,0,1583864127.967234,pupil.0,0.9984033624395691,45.11216438914505,2.9004907009483656,2.8630409240722656
76885,0,1583864127.975303,pupil.0,0.9978682443112984,45.35842133146107,2.9163423940615063,2.871109962463379
76887,0,1583864127.9833732,pupil.0,0.9978112053176408,45.478770965866154,2.9240911754493597,2.8791801929473877
76889,0,1583864127.991442,pupil.0,0.997611224455084,45.49872607568202,2.925379520063629,2.887248992919922
76891,0,1583864127.999511,pupil.0,0.9981665028029696,45.37782089392617,2.917497656282977,2.895318031311035
76893,0,1583864128.0075798,pupil.0,0.9980620891000744,45.45824229468499,2.9227034912796737,2.9033868312835693
76895,0,1583864128.0156488,pupil.0,0.9977722165975316,45.60961642859771,2.9323920799069256,2.9114558696746826
76897,0,1583864128.0237179,pupil.0,0.9976510961125138,45.65286593127625,2.9351966626043486,2.919524908065796
76899,0,1583864128.031787,pupil.0,0.9975453597073359,45.79929413490558,2.9445594222472584,2.927593946456909
76901,0,1583864128.039856,pupil.0,0.9655811074215468,45.254231128741615,2.9094648244897874,2.9356629848480225
76903,0,1583864128.047925,pupil.0,1.0,45.028390550225716,2.8950662153785083,2.9437320232391357
76905,0,1583864128.055994,pupil.0,0.9672680544079768,44.96509948338325,2.891118484400879,2.951801061630249
76907,0,1583864128.0640626,pupil.0,0.8419351784790783,44.77536772934546,2.8790418011093504,2.959869623184204
76909,0,1583864128.072132,pupil.0,0.8799285604246173,45.51305533591066,2.9260920262267955,2.9679391384124756
76911,0,1583864128.080201,pupil.0,1.0,45.099642813779276,2.899634948210848,2.9760079383850098
76913,0,1583864128.08827,pupil.0,0.9878019410514542,45.008362456303246,2.89388786182429,2.984076976776123
76915,0,1583864128.096339,pupil.0,0.9315786278303844,44.962568984712476,2.8910660517152893,2.9921460151672363
76917,0,1583864128.104408,pupil.0,0.9977532631728072,46.272807300004565,2.9749084190157373,3.0002150535583496
76919,0,1583864128.1124768,pupil.0,1.0,45.326249459584396,2.9141767942875725,3.008283853530884
76921,0,1583864128.120546,pupil.0,0.9398585151305914,45.774215563070705,2.942885537408352,3.016353130340576
76923,0,1583864128.1286151,pupil.0,0.9976791074054152,46.442911656117325,2.98592989608689,3.0244221687316895
76925,0,1583864128.136684,pupil.0,1.0,45.3785399399865,2.9176227538461417,3.0324909687042236
76927,0,1583864128.144754,pupil.0,0.9977620871503404,46.64156033669164,2.9987010485007124,3.0405609607696533
76929,0,1583864128.152823,pupil.0,0.997705027166482,46.664646698156965,3.000162651284888,3.0486299991607666
76931,0,1583864128.160892,pupil.0,1.0,45.55478040694723,2.9289323139831094,3.05669903755188
76933,0,1583864128.1689608,pupil.0,0.9979553246327968,46.71030314900435,3.0030583701670475,3.064767837524414
76936,0,1583864128.1770296,pupil.0,0.9976920946247816,46.889114682319075,3.0145705688752624,3.0728366374969482
76937,0,1583864128.1850991,pupil.0,0.99833688558313,46.696119564495646,3.0020925465136084,3.0809061527252197
76939,0,1583864128.193168,pupil.0,0.970731990912134,46.28079934626789,2.975343344490084,3.088974952697754
76941,0,1583864128.201237,pupil.0,0.9983377458322702,46.871296879648035,3.0133289913305155,3.097043991088867
76944,0,1583864128.209306,pupil.0,0.9979925390600728,46.932433589937524,3.0172931985442397,3.1051130294799805
76945,0,1583864128.2173748,pupil.0,0.8362666695855839,46.23473934525686,2.972446780095147,3.1131818294525146
76948,0,1583864128.2254438,pupil.0,0.9977015611217022,47.11861772713204,3.0292749578280764,3.121250867843628
76949,0,1583864128.2335126,pupil.0,0.9982617516304652,46.974424867053706,3.0199895395965086,3.129319667816162
76952,0,1583864128.241582,pupil.0,1.0,45.98905451229721,2.9567656700143017,3.1373889446258545
76953,0,1583864128.249651,pupil.0,0.9809470438189948,45.977754908213385,2.956163049106348,3.1454579830169678
76956,0,1583864128.25772,pupil.0,0.9975091517185684,47.32881031064656,3.042792981372585,3.153527021408081
76957,0,1583864128.265789,pupil.0,0.9981006382460968,47.16970342481637,3.0325691778528743,3.1615960597991943
76959,0,1583864128.2738578,pupil.0,1.0,46.11504274882051,2.9648907931396336,3.1696648597717285
76962,0,1583864128.2819269,pupil.0,0.9976889388114578,47.433386877384294,3.0495527992686804,3.177733898162842
76964,0,1583864128.2899966,pupil.0,1.0,46.071106345516064,2.9620974295689666,3.1858036518096924
76966,0,1583864128.298066,pupil.0,1.0,46.081048870883684,2.9628610498760968,3.1938729286193848
76967,0,1583864128.306135,pupil.0,0.9978989923674092,47.37130122041021,3.045502847646872,3.201941967010498
76969,0,1583864128.314204,pupil.0,0.9984378688328844,47.277814118945685,3.0394748315031115,3.2100110054016113
76971,0,1583864128.322273,pupil.0,0.9982371086721796,47.237379566199515,3.0367977365199623,3.2180800437927246
76973,0,1583864128.3303418,pupil.0,0.8907019880419662,47.1148347786499,3.028952742101976,3.226148843765259
76975,0,1583864128.3384109,pupil.0,0.8231164191318153,46.722320954021775,3.0037326418936567,3.234217882156372
76977,0,1583864128.3464801,pupil.0,0.9977137200868168,47.556134602204246,3.057370152322637,3.2422871589660645
76979,0,1583864128.354549,pupil.0,0.8661592440491709,46.81634705101222,3.0097425371693127,3.2503559589385986
76981,0,1583864128.362618,pupil.0,0.9982644370430386,47.417671356256704,3.0484455183180583,3.258424997329712
76983,0,1583864128.370687,pupil.0,1.0,46.45974465410514,2.9869878997471977,3.266494035720825
76985,0,1583864128.3787556,pupil.0,0.9728701918895551,46.357966542024755,2.9805694029150027,3.2745625972747803
76987,0,1583864128.3868248,pupil.0,0.9573831668010184,46.43951325236268,2.9859382569640087,3.2826318740844727
76989,0,1583864128.394894,pupil.0,0.9213164600210596,47.450716368914826,3.0506896703390973,3.290700912475586
76991,0,1583864128.4029632,pupil.0,0.9976494022292808,47.6306388482186,3.0621560545949,3.2987701892852783
76993,0,1583864128.411032,pupil.0,0.997873015600598,47.47308641517562,3.0520587007612616,3.3068389892578125
76995,0,1583864128.419101,pupil.0,0.9861948912941793,46.38205966141359,2.9820440477286683,3.314908027648926
76997,0,1583864128.4271698,pupil.0,0.9764398001354472,46.52014379432437,2.991047440553662,3.32297682762146
76999,0,1583864128.4352386,pupil.0,0.9978205481925352,47.676723397148635,3.065109990175056,3.331045627593994
77001,0,1583864128.443308,pupil.0,0.9977489189398095,47.818503613007536,3.0743134244717907,3.3391151428222656
77003,0,1583864128.4513779,pupil.0,0.9620245166512598,46.54448246679412,2.992534587613804,3.347184896469116
77005,0,1583864128.4594471,pupil.0,1.0,46.59521573558301,2.9959232505337456,3.3552541732788086
77007,0,1583864128.467516,pupil.0,0.9206280177891698,46.54725928915044,2.9929679544920305,3.3633229732513428
77009,0,1583864128.475585,pupil.0,0.9978361326652941,47.66001559191177,3.0641271642825068,3.371392011642456
77011,0,1583864128.483654,pupil.0,0.9983368608298746,47.57305375103155,3.0584525715189046,3.3794610500335693
77013,0,1583864128.4917226,pupil.0,1.0,46.78148442732153,3.0076910372882484,3.3875296115875244
77015,0,1583864128.499792,pupil.0,0.9731077686014166,46.6780719552699,3.0011693101171075,3.395599126815796
77019,0,1583864128.5159302,pupil.0,1.0,46.68114929271414,3.0012461608661565,3.4117372035980225
77021,0,1583864128.523999,pupil.0,0.9184631527285348,46.649079039234145,2.9993119570580884,3.4198060035705566
77023,0,1583864128.532068,pupil.0,0.8941840688173701,46.479341644017325,2.9885274520316845,3.42787504196167
77025,0,1583864128.5401368,pupil.0,0.8371779815182673,46.57031522717735,2.9945062632760564,3.435943841934204
77027,0,1583864128.548206,pupil.0,0.9978950282892848,47.740994648559465,3.0693325874066635,3.4440131187438965
77029,0,1583864128.556275,pupil.0,0.9977241274759544,47.90237846677542,3.0797332718949217,3.4520819187164307
77031,0,1583864128.564344,pupil.0,1.0,46.84319712072776,3.0117658693611262,3.460150957107544
77033,0,1583864128.572413,pupil.0,0.9975457299158776,47.887472632787066,3.0787922029796313,3.4682199954986572
77035,0,1583864128.580482,pupil.0,0.9976926348960306,48.08428879424219,3.091396169628453,3.4762890338897705
77037,0,1583864128.5885508,pupil.0,0.9827216537681482,46.875234208235725,3.0137949819891032,3.4843578338623047
77039,0,1583864128.5966198,pupil.0,0.9977907283662996,47.87262142897244,3.0777538705467364,3.492426872253418
77041,0,1583864128.6046898,pupil.0,0.9975844156119472,48.08435850043622,3.0914550310960203,3.5004968643188477
77043,0,1583864128.6127589,pupil.0,0.9829017673375536,46.86877365167613,3.0134326851199167,3.508565902709961
77045,0,1583864128.620828,pupil.0,0.9976226671364524,47.95029866176817,3.0827921909128513,3.516634941101074
77048,0,1583864128.628897,pupil.0,0.9856849435765138,47.78619639212261,3.072330904793911,3.5247039794921875
77049,0,1583864128.636966,pupil.0,1.0,46.97556719947446,3.0203419046332813,3.532773017883301
77051,0,1583864128.645035,pupil.0,0.9976409068682472,47.896072377111004,3.079357834188716,3.540842056274414
77053,0,1583864128.6531038,pupil.0,1.0,46.99755075758267,3.0217189070978234,3.5489108562469482
77056,0,1583864128.6611726,pupil.0,0.9975916351143832,48.069621866655524,3.0905463398962456,3.5569796562194824
77058,0,1583864128.669242,pupil.0,1.0,46.9547381842842,3.0189974736776812,3.565048933029175
77060,0,1583864128.677311,pupil.0,0.9976147439053308,47.93510933957518,3.0818862071681448,3.573117971420288
77062,0,1583864128.68538,pupil.0,1.0,47.071373546543036,3.0264838118934914,3.5811870098114014
77064,0,1583864128.693449,pupil.0,0.997675478225692,48.12072313050786,3.093786938266236,3.5892560482025146
77066,0,1583864128.7015178,pupil.0,0.9993698001897272,47.06335455346205,3.0259366381256116,3.597324848175049
77067,0,1583864128.7095866,pupil.0,0.8149445354201313,47.46066733918366,3.0514345010211086,3.605393648147583
77070,0,1583864128.7176561,pupil.0,0.9948648715752192,46.955532567930106,3.0190866553945015,3.6134631633758545
77071,0,1583864128.725725,pupil.0,0.9977820313838616,48.14170457156406,3.0950093021733327,3.6215319633483887
77074,0,1583864128.733794,pupil.0,0.9978910042745156,48.081389092007676,3.091168393097928,3.629601001739502
77076,0,1583864128.741863,pupil.0,1.0,47.07986028545611,3.0269089876423534,3.6376700401306152
77078,0,1583864128.7499318,pupil.0,0.9727828344191216,47.0264213246305,3.023600487252964,3.6457388401031494
77079,0,1583864128.7580018,pupil.0,0.920832147575678,46.885356155146255,3.0146589328762827,3.653808832168579
77082,0,1583864128.7660706,pupil.0,0.8668150235172916,46.83827110248767,3.0117605055102112,3.6618776321411133
77085,0,1583864128.782209,pupil.0,0.953198712649604,47.30898167409827,3.0415236764118636,3.678015947341919
77087,0,1583864128.790278,pupil.0,1.0,47.296310367151364,3.040832935309008,3.6860849857330322
77089,0,1583864128.798347,pupil.0,1.0,47.37151529313319,3.0457931061658505,3.6941540241241455
77091,0,1583864128.806416,pupil.0,0.9600039571213029,47.3228097854021,3.04278799320615,3.702223062515259
77093,0,1583864128.8144848,pupil.0,0.9975494418638629,48.32860629119555,3.1069708581535744,3.710291862487793
77095,0,1583864128.8225539,pupil.0,0.9982279612016518,48.21714838957547,3.0997730730981483,3.7183609008789062
77097,0,1583864128.8306231,pupil.0,1.0,47.35167251242907,3.0442625820302487,3.7264301776885986
77099,0,1583864128.838692,pupil.0,0.92714470265069,48.00203135857225,3.0860822150199123,3.734498977661133
77101,0,1583864128.846761,pupil.0,0.9977602138224552,48.44030202623008,3.1141348734638314,3.742568016052246
77103,0,1583864128.85483,pupil.0,1.0,47.47562007013006,3.0522470034724094,3.7506370544433594
77105,0,1583864128.8628988,pupil.0,0.98760790775882,47.29504231169752,3.040765409965637,3.7587058544158936
77107,0,1583864128.8709679,pupil.0,0.9975627700592488,48.48426183690072,3.116979332590466,3.766774892807007
77109,0,1583864128.879037,pupil.0,0.9988561238155548,47.905479126819685,3.0796859607275238,3.77484393119812
