stimulusID,morphID,RT,trialNumber,blockNumber,stimLocationDeg,Error,responseError,Stim_diff,DoVM_values,bootstrap_values,Running_Mean
,,,,,,,,,,1.4782900061925777,2.0745368670585744
27.0,25.0,2.264885902404785,2.0,1.0,340.0,-2.0,-1.8534491374581332,-12.0,1.0048458917784262,1.3489290994307632,1.861589791161115
11.0,27.0,2.501492977142334,3.0,1.0,236.0,16.0,19.521060107649113,16.0,-1.076530999545343,2.483309316510985,1.3219692766530442
95.0,110.0,3.768068790435791,4.0,1.0,343.0,15.0,11.220668363571585,64.0,-0.026799246621441508,2.685406621747634,0.8339372239946278
79.0,87.0,3.1837990283966064,5.0,1.0,25.0,8.0,-0.12098118665527657,16.0,-1.076530999545343,3.2021904784222266,0.4148107422854361
124.0,115.0,2.950489044189453,6.0,1.0,303.0,-9.0,-7.024263376224317,-45.0,0.18531974288430494,4.551931505244166,-1.432239088456343
89.0,106.0,2.6711339950561523,7.0,1.0,303.0,17.0,11.43987778421218,35.0,-0.44312957163182515,4.872089295723208,-1.3654609596137337
47.0,63.0,2.0845680236816406,8.0,1.0,137.0,16.0,19.610667776891667,42.0,-0.24412107843174816,0.5263034221995472,-1.7677793426811272
65.0,71.0,3.3509411811828613,9.0,1.0,248.0,6.0,2.070412967969512,-18.0,1.0634120030680743,0.659012804157907,-0.2778684457703678
22.0,16.0,2.4672529697418213,10.0,1.0,107.0,-6.0,-4.2688178653285345,43.0,-0.22292163672402607,2.698895920597522,0.1339318647235822
102.0,95.0,2.486553192138672,11.0,1.0,133.0,-7.0,-9.92370666038311,68.0,-0.015401130003666715,6.4621869833824475,0.12602071418449506
98.0,95.0,5.1353187561035165,12.0,1.0,107.0,-3.0,-6.229755708312828,4.0,-0.4331756699679028,2.583507851282842,-0.5388121032292802
26.0,35.0,4.121277332305908,13.0,1.0,244.0,9.0,9.365602147235117,72.0,-0.00622946110222684,8.475093622469048,-1.6471861964375405
94.0,96.0,3.25459098815918,14.0,1.0,17.0,2.0,-2.0227672628410485,-68.0,0.015401130003666715,3.7962653377137223,-1.9709667749251885
90.0,93.0,5.25478982925415,15.0,1.0,173.0,3.0,-2.22445871367278,4.0,-0.4331756699679028,2.8598711430579966,-1.5097815496709253
131.0,10.0,5.971207857131957,16.0,1.0,13.0,27.0,31.73180018386632,-41.0,0.2670261974625363,1.748777487771597,-2.170793023142728
21.0,11.0,5.299554109573363,17.0,1.0,49.0,-10.0,-7.8587953651568,-38.0,0.3466079352525694,1.194502289254453,-1.9495403741845478
141.0,8.0,4.482728958129883,18.0,1.0,92.0,15.0,12.69093972913266,28.0,-0.7234063756542802,1.5278060606742445,-0.9006496112087131
54.0,56.0,3.3485338687896733,19.0,1.0,192.0,2.0,4.343497252001166,-61.0,0.03781729311475667,2.988462214676659,-0.6640913305332398
6.0,8.0,4.100360870361328,20.0,1.0,166.0,2.0,4.0160808585217165,48.0,-0.13959263245643444,1.3583940276532518,-0.38440521775467024
29.0,35.0,3.878782033920288,21.0,1.0,293.0,6.0,5.89854364390167,-23.0,0.9295263377955622,5.780706927966222,-0.4307544356262369
78.0,77.0,7.399025917053223,22.0,1.0,113.0,-1.0,-9.174433449317112,-49.0,0.12683636614448335,1.0780004415026614,-0.5578494061128397
61.0,66.0,7.549824953079224,23.0,1.0,60.0,5.0,3.5790324572605616,17.0,-1.073580192804731,2.2373189187496103,-0.5612725777751459
31.0,133.0,9.945549964904783,24.0,1.0,9.0,-46.0,-46.08855777101146,30.0,-0.637880301716782,11.04768998234109,-0.07428635971154209
118.0,137.0,6.816261053085327,25.0,1.0,94.0,19.0,17.74956899035943,61.0,-0.03781729311475667,3.753691280647742,0.8840540564486536
82.0,74.0,3.049336671829224,26.0,1.0,186.0,-8.0,-15.669347792315184,36.0,-0.40907735491210995,5.1459787633753855,1.013407683994164
40.0,127.0,7.89628791809082,27.0,1.0,111.0,-61.0,-58.82241018691962,42.0,-0.24412107843174816,5.156593313978011,1.0373850268073943
28.0,38.0,2.92986798286438,28.0,1.0,281.0,10.0,9.989955862003862,12.0,-1.0048458917784262,1.760677798851501,-0.17443886568404077
115.0,147.0,6.433216094970702,29.0,1.0,141.0,32.0,29.7300457736526,61.0,-0.03781729311475667,6.018691290701814,0.16020048104329954
125.0,136.0,3.6820070743560787,30.0,1.0,319.0,11.0,13.558837702703281,-10.0,0.9139720544513938,0.7609339253058238,-1.016206677036888
107.0,118.0,5.598031997680664,31.0,1.0,143.0,11.0,8.029169615220562,18.0,-1.0634120030680743,2.674708296045595,-1.3660390549824781
85.0,30.0,9.133073091506956,32.0,1.0,358.0,-55.0,-61.877893418789306,22.0,-0.964882269539563,3.393256218419637,-1.1701019689794647
14.0,17.0,3.950363874435425,33.0,1.0,68.0,3.0,7.011704707369072,71.0,-0.00839099578842822,1.6467837483571175,-0.8048305646980987
50.0,54.0,3.0663020610809326,34.0,1.0,222.0,4.0,7.443331524162099,-36.0,0.40907735491210995,1.5011206013711649,-0.0017424340639305314
121.0,147.0,4.367002010345459,35.0,1.0,92.0,26.0,26.22757892762764,-71.0,0.00839099578842822,0.7303495514213819,0.6614116932646481
147.0,146.0,4.46686601638794,36.0,1.0,241.0,-1.0,3.5108048156139464,-26.0,0.8092289987567391,2.9263015638588583,0.6801191874132393
127.0,123.0,6.00095796585083,37.0,1.0,127.0,-4.0,-0.38037649240947324,20.0,-1.0242289161485363,1.0378685550256177,0.793065927994918
91.0,90.0,4.666898012161255,38.0,1.0,69.0,-1.0,-5.897948098948509,36.0,-0.40907735491210995,2.927420442236934,1.3364693537553534
113.0,117.0,5.649513959884644,39.0,1.0,238.0,4.0,1.3202886217354806,-22.0,0.964882269539563,0.6179933651281196,0.386694915859495
104.0,77.0,4.646531105041504,40.0,1.0,238.0,-27.0,-29.913907027119528,9.0,-0.854500838968973,3.368954297296237,0.645706836578548
10.0,133.0,6.314183235168457,41.0,1.0,254.0,-25.0,-21.819593285980012,-54.0,0.07784751948752053,0.18302267717391504,0.34025153671340186
138.0,6.0,5.348889112472534,42.0,1.0,318.0,16.0,16.81873247894783,20.0,-1.0242289161485363,4.473256508378413,1.2862755292505363
32.0,35.0,1.83264684677124,43.0,1.0,183.0,3.0,3.010967237638832,-42.0,0.24412107843174816,1.4145792365690966,1.2040646482400927
8.0,5.0,5.398375034332275,44.0,1.0,129.0,-3.0,-0.578064609540176,24.0,-0.8913504921845389,2.6963807370233566,1.2070447501245898
34.0,35.0,5.385473251342773,45.0,1.0,77.0,1.0,1.371720979698674,-26.0,0.8092289987567391,4.1984514358835145,0.7273574537383718
41.0,33.0,2.4670579433441158,46.0,1.0,267.0,-8.0,-5.512798654210135,-7.0,0.7089031203150628,5.335084477890201,-0.5231965445311051
33.0,33.0,2.7130608558654785,47.0,1.0,295.0,0.0,0.16650325344367367,8.0,-0.7859932882983036,3.096546942794693,-0.623889698691502
51.0,50.0,2.1505479812622066,48.0,1.0,303.0,-1.0,2.2607115336813965,-18.0,1.0634120030680743,1.0221469530066527,-0.14327896424528924
18.0,18.0,3.2330989837646484,49.0,1.0,266.0,0.0,3.294946802953442,33.0,-0.516559036859419,2.7693617439011953,1.095034096437481
42.0,43.0,3.017187118530273,50.0,1.0,201.0,1.0,3.7744835701243264,-24.0,0.8913504921845389,4.81101117031681,0.7679143702096202
73.0,82.0,3.40389084815979,51.0,1.0,75.0,9.0,1.4057023967803932,-31.0,0.5962171967212037,1.5143251693710815,1.2957424338956258
117.0,132.0,5.927106857299805,52.0,1.0,74.0,15.0,13.354708314475724,-44.0,0.20334941225411426,3.011490821522703,-0.35307074215174566
53.0,53.0,3.7673549652099614,53.0,1.0,26.0,0.0,2.708395040233663,64.0,-0.026799246621441508,3.572690060473618,-0.22143928626032536
123.0,120.0,4.9344308376312265,54.0,1.0,198.0,-3.0,-1.6176173857705773,-70.0,0.010626611748264207,1.9686417991701757,1.0772565242669059
30.0,30.0,6.751023769378662,55.0,1.0,226.0,0.0,-0.12713610306629697,-55.0,0.07046900061804391,6.000835177130593,1.3383960477576273
133.0,105.0,5.385494947433472,56.0,1.0,16.0,-28.0,-23.542578562696796,45.0,-0.18531974288430494,3.7815358107637076,1.7435005579550564
13.0,20.0,2.9681649208068848,57.0,1.0,147.0,7.0,10.950944706112532,-28.0,0.7234063756542802,4.231197931741582,0.7839465628247404
70.0,118.0,9.157498836517334,58.0,1.0,13.0,48.0,41.4396366677309,-57.0,0.057590831413550946,1.110559208859601,0.5447819295069829
144.0,2.0,4.004724979400635,59.0,1.0,322.0,6.0,2.957670912261742,-74.0,0.0020523841426659272,0.8982163394767576,1.557461675915844
36.0,38.0,8.884417772293089,60.0,1.0,290.0,2.0,2.900370696922389,-40.0,0.291706558658034,1.3281016546369517,0.6648131853514554
80.0,83.0,5.914223909378053,61.0,1.0,60.0,3.0,-5.016367758391416,-44.0,0.20334941225411426,0.269248919163731,0.15876331506450728
129.0,111.0,5.554143190383911,62.0,1.0,37.0,-18.0,-13.598626820473887,-49.0,0.12683636614448335,4.186468510773758,0.11595130660385858
99.0,100.0,5.2018089294433585,63.0,1.0,327.0,1.0,-2.1096006755253622,30.0,-0.637880301716782,3.5105088129448867,-0.4044305311999553
2.0,5.0,2.249662160873413,64.0,1.0,226.0,3.0,9.509289990287778,-51.0,0.1045254454855213,2.2536812208272785,0.09262775341220293
19.0,9.0,5.9657087326049805,65.0,1.0,214.0,-10.0,-7.059442444240878,-17.0,1.073580192804731,0.2861653419632931,0.0487827224006573
97.0,142.0,7.153541088104247,66.0,1.0,277.0,45.0,41.618472014179595,70.0,-0.010626611748264207,1.5714266469663563,0.0487827224006573
145.0,142.0,4.750194311141968,67.0,1.0,342.0,-3.0,-4.852483317564966,-48.0,0.13959263245643444,5.671931621697189,0.5475770280515424
109.0,126.0,6.01620078086853,68.0,1.0,137.0,17.0,14.01930054402329,36.0,-0.40907735491210995,3.455876428425145,0.5475770280515424
59.0,40.0,5.9337217807769775,69.0,1.0,233.0,-19.0,-19.191023095846553,50.0,-0.11517554186282543,2.268977698206206,0.6362123831402077
96.0,103.0,3.6340360641479488,70.0,1.0,220.0,7.0,3.4349971219425104,-37.0,0.3768939888136435,0.8904401307234275,0.23617876770226276
9.0,3.0,5.88212776184082,71.0,1.0,56.0,-6.0,-3.203215736235526,-61.0,0.03781729311475667,5.0271509227920665,0.8708649019522686
105.0,112.0,4.667065143585205,72.0,1.0,169.0,7.0,4.070632017717353,52.0,-0.09480487869949954,0.6634499947164032,0.8708649019522686
93.0,80.0,2.8320040702819824,73.0,1.0,272.0,-13.0,-17.292715945493903,12.0,-1.0048458917784262,1.2791513543912345,2.6873903076465195
4.0,10.0,3.101294755935669,74.0,1.0,202.0,6.0,8.88149231496213,-59.0,0.04683942594826919,1.6920292870583689,1.7457105645490365
55.0,47.0,6.132215023040772,75.0,1.0,38.0,-8.0,-6.0757398506830125,-51.0,0.1045254454855213,2.794348807127199,-0.17244673293557497
37.0,39.0,4.732550859451294,76.0,1.0,184.0,2.0,3.2063691671599575,18.0,-1.0634120030680743,3.060300734088813,-0.7032317421359424
146.0,3.0,3.0029909610748287,77.0,1.0,223.0,5.0,5.537753639751722,39.0,-0.3182197531654518,1.9165166334330697,-1.231456536389247
49.0,55.0,2.531318187713623,78.0,1.0,127.0,6.0,9.562143771044484,-51.0,0.1045254454855213,4.01265560558792,-0.0678395486737717
72.0,69.0,2.8477261066436768,79.0,1.0,276.0,-3.0,-10.304246256661818,-23.0,0.9295263377955622,3.6832127855846775,0.17019355426811186
64.0,62.0,4.782490015029907,80.0,1.0,176.0,-2.0,-5.315358455622961,8.0,-0.7859932882983036,2.7823931480681723,-2.054910110017364
126.0,116.0,4.181318283081056,81.0,1.0,65.0,-10.0,-6.886555619347282,-62.0,0.03384671790985863,2.7053326108228104,0.4081682039942653
1.0,131.0,4.383918046951294,82.0,1.0,52.0,-18.0,-7.970149297105873,-23.0,0.9295263377955622,5.026033353525924,2.038266887582035
43.0,48.0,4.3996970653533936,83.0,1.0,244.0,5.0,8.031055342824013,-42.0,0.24412107843174816,3.685194087914135,2.2868805540233312
57.0,39.0,6.230996370315553,84.0,1.0,102.0,-18.0,-17.057623064619058,-14.0,1.0583342103355575,3.747653714705549,2.568611838466205
25.0,26.0,6.8175299167633066,85.0,1.0,334.0,1.0,1.642097631723809,32.0,-0.55569733554536,1.9552971818703082,2.0588765242473768
,,,,,,,,,,3.895524009882034,2.077651202812916
83.0,87.0,2.93355393409729,2.0,2.0,174.0,4.0,-3.436274503502423,-70.0,0.010626611748264207,3.9684651059739076,1.9599900222935347
22.0,142.0,3.6639928817749023,3.0,2.0,182.0,-28.0,-26.268817865328536,61.0,-0.03781729311475667,3.0205548795246333,0.02550870589708515
46.0,67.0,4.117244005203247,4.0,2.0,20.0,21.0,24.544392314238742,-24.0,0.8913504921845389,3.1485380366192057,0.02550870589708515
59.0,70.0,3.4169702529907227,5.0,2.0,67.0,11.0,10.808976904153448,-13.0,1.0361830290209706,4.335460401884914,0.08779736118277155
89.0,107.0,3.699970245361328,6.0,2.0,36.0,18.0,12.43987778421218,-30.0,0.637880301716782,4.417228923506569,0.3545412049083944
39.0,35.0,4.1495580673217765,7.0,2.0,337.0,-4.0,-2.1453835612416494,50.0,-0.11517554186282543,4.513362549767205,-0.4052354587617961
101.0,109.0,4.262841701507568,8.0,2.0,45.0,8.0,5.04096461284008,-62.0,0.03384671790985863,2.3126753444474883,-0.42982580082338284
42.0,43.0,4.229447841644287,9.0,2.0,268.0,1.0,3.7744835701243264,59.0,-0.04683942594826919,1.9836662772592553,-0.5700533787787799
143.0,5.0,5.651026248931885,10.0,2.0,230.0,10.0,6.65064594935121,47.0,-0.1535319650656543,1.122323378712364,-0.410791922619246
103.0,96.0,3.9132237434387207,11.0,2.0,31.0,-7.0,-9.910216303738471,40.0,-0.291706558658034,2.9632478102847175,-1.8637931763936753
84.0,80.0,3.5170397758483887,12.0,2.0,68.0,-4.0,-11.170536897075683,19.0,-1.0467177699621482,0.8225478630771612,-1.7118043392750406
63.0,64.0,11.316996812820435,13.0,2.0,246.0,1.0,-1.6875065738072887,21.0,-0.996698178617586,1.7134020111993495,-1.6211583400588554
34.0,30.0,3.534046173095703,14.0,2.0,256.0,-4.0,-3.628279020301326,29.0,-0.6803935998244567,2.4811279491212836,-2.0707124397713055
8.0,145.0,5.167743921279907,15.0,2.0,56.0,-11.0,-8.578064609540176,26.0,-0.8092289987567391,1.4396827856828514,-2.0841988454452105
95.0,93.0,15.432130098342896,16.0,2.0,111.0,-2.0,-5.779331636428415,61.0,-0.03781729311475667,5.832734692428998,-1.4385030445052156
58.0,54.0,2.2339389324188232,17.0,2.0,197.0,-4.0,-3.6086573918807314,37.0,-0.3768939888136435,2.156006251707197,-2.028066021703368
75.0,90.0,10.20206069946289,18.0,2.0,279.0,15.0,6.9990256402842395,-17.0,1.073580192804731,1.5288745141158633,-3.286717841708209
128.0,87.0,5.70015811920166,19.0,2.0,336.0,-41.0,-36.94379644323566,-53.0,0.08593658439467575,0.7373670364301268,-2.787487009221334
87.0,85.0,2.684768915176392,20.0,2.0,91.0,-2.0,-8.236099196097362,41.0,-0.2670261974625363,1.8092928575546912,-2.6952876421161807
110.0,122.0,5.316971778869629,21.0,2.0,214.0,12.0,9.044118252838993,-23.0,0.9295263377955622,7.0931615725934405,-2.6645481154494193
60.0,60.0,5.536965131759644,22.0,2.0,78.0,0.0,-0.7976028886154634,50.0,-0.11517554186282543,7.856612238809039,-3.7191055717576496
30.0,4.0,10.684170961380003,23.0,2.0,188.0,-26.0,-26.1271361030663,30.0,-0.637880301716782,3.4035246102934575,-4.543620944061626
88.0,92.0,2.618589162826538,24.0,2.0,342.0,4.0,-1.899312578651907,-58.0,0.0519755852297164,13.23085687489764,-2.601968335849253
97.0,83.0,5.231244087219238,25.0,2.0,102.0,-14.0,-17.381527985820405,-9.0,0.854500838968973,0.7337150888148308,-2.935907277507961
33.0,34.0,6.765024662017822,26.0,2.0,44.0,1.0,1.1665032534436737,64.0,-0.026799246621441508,2.2641805150685124,-2.3549085491977935
41.0,37.0,3.785314083099365,27.0,2.0,145.0,-4.0,-1.512798654210135,-8.0,0.7859932882983036,5.696709711129211,-2.573941602258391
16.0,9.0,4.437113046646118,28.0,2.0,252.0,-7.0,-3.1756141739767596,25.0,-0.8510385403884233,0.6938569070414811,-2.844769486676062
20.0,19.0,3.6660759449005127,29.0,2.0,72.0,-1.0,1.5500220364518587,-4.0,0.4331756699679028,1.3338594800762267,-2.727392191355195
130.0,4.0,4.001228094100951,30.0,2.0,127.0,22.0,26.63344427348421,38.0,-0.3466079352525694,2.040244267364492,-2.6382067182358075
91.0,111.0,5.93735671043396,31.0,2.0,256.0,20.0,15.10205190105149,39.0,-0.3182197531654518,1.9262870924452682,-2.932191542434268
12.0,13.0,4.33807897567749,32.0,2.0,261.0,1.0,4.784549304549879,-69.0,0.012956317894756765,4.893209622571107,-1.8403396920017758
125.0,126.0,4.3033461570739755,33.0,2.0,8.0,1.0,3.558837702703281,35.0,-0.44312957163182515,1.2184457846288546,-1.8728478762192573
62.0,64.0,7.0365540981292725,34.0,2.0,283.0,2.0,-0.05349786106915211,63.0,-0.03018553228996032,1.5647185707790834,-1.9565370549798067
146.0,143.0,3.771078824996948,35.0,2.0,164.0,-3.0,-2.462246360248278,64.0,-0.026799246621441508,2.6580044751302685,-2.4423596139912065
32.0,32.0,3.969896078109741,36.0,2.0,312.0,0.0,0.010967237638832117,-34.0,0.47898960024664444,7.43722569335934,-1.6124960567650852
93.0,95.0,4.318687915802002,37.0,2.0,47.0,2.0,-2.2927159454939012,-61.0,0.03781729311475667,4.072266918501277,-1.7351291598970424
26.0,39.0,3.1365087032318115,38.0,2.0,314.0,13.0,13.365602147235117,67.0,-0.01798328601192902,0.3285300564301452,-1.8290401268364183
116.0,97.0,4.098663091659547,39.0,2.0,43.0,-19.0,-20.985305245422516,58.0,-0.0519755852297164,5.822022227484206,-2.4608783922825666
106.0,103.0,5.171708106994629,40.0,2.0,113.0,-3.0,-5.950538028621727,10.0,-0.9139720544513938,2.7993422035289863,-2.9594922275446933
10.0,6.0,5.873474836349487,41.0,2.0,111.0,-4.0,-0.8195932859800106,-52.0,0.09480487869949954,1.5676920948249697,-4.032126381477601
64.0,62.0,6.6159300804138175,42.0,2.0,85.0,-2.0,-5.315358455622961,-54.0,0.07784751948752053,2.8758880854788136,-2.2115541575922273
126.0,119.0,3.65054988861084,43.0,2.0,12.0,-7.0,-3.8865556193472823,-62.0,0.03384671790985863,1.3737992234425802,-0.8715680771246486
65.0,93.0,4.405416965484619,44.0,2.0,105.0,28.0,24.07041296796951,61.0,-0.03781729311475667,0.5664092471470598,0.1919507137596334
18.0,143.0,4.8838050365448,45.0,2.0,137.0,-23.0,-19.70505319704656,47.0,-0.1535319650656543,2.806966324567858,0.39384356964149353
78.0,85.0,8.233204126358032,46.0,2.0,344.0,7.0,-1.174433449317112,-60.0,0.042134667077912885,1.2648082171447816,1.1320511337527441
48.0,43.0,5.133465051651001,47.0,2.0,51.0,-5.0,-1.382555656933496,30.0,-0.637880301716782,2.961221805041439,0.23506577011687552
9.0,8.0,5.084997892379762,48.0,2.0,315.0,-1.0,1.796784263764474,39.0,-0.3182197531654518,3.3070931494149045,0.6732171989763945
74.0,78.0,4.583908796310425,49.0,2.0,102.0,4.0,-3.8268956086055734,-65.0,0.02365603269590966,5.376442296900337,1.2530769108659428
7.0,12.0,5.314252853393555,50.0,2.0,159.0,5.0,7.128872809056242,67.0,-0.01798328601192902,0.23439873808864362,1.3542372527129032
61.0,66.0,13.469290971755981,51.0,2.0,2.0,5.0,3.5790324572605616,-54.0,0.07784751948752053,2.362291215718862,2.442459813833624
140.0,1.0,5.0001957416534415,52.0,2.0,202.0,9.0,7.657853165012293,69.0,-0.012956317894756765,1.1157372206969238,3.4147636389976235
40.0,65.0,5.88267183303833,53.0,2.0,61.0,25.0,27.17758981308038,-48.0,0.13959263245643444,2.3386125825545263,4.283880782092031
6.0,145.0,4.548036813735962,54.0,2.0,87.0,-9.0,-6.9839191414782835,34.0,-0.47898960024664444,2.1604068308892375,4.656150269058347
1.0,5.0,3.0835421085357666,55.0,2.0,213.0,4.0,14.029850702894127,5.0,-0.5316321490230004,2.5182122343498974,4.656150269058347
92.0,100.0,3.31613826751709,56.0,2.0,258.0,8.0,3.4141975074020454,57.0,-0.057590831413550946,1.517565840104478,5.3363299860765885
47.0,59.0,4.8644769191741934,57.0,2.0,289.0,12.0,15.610667776891669,45.0,-0.18531974288430494,2.075636301976548,4.481813418827927
133.0,128.0,7.584414005279541,58.0,2.0,143.0,-5.0,-0.5425785626967947,62.0,-0.03384671790985863,3.5364045832231037,4.2879097249087295
113.0,106.0,3.2676379680633545,59.0,2.0,93.0,-7.0,-9.67971137826452,20.0,-1.0242289161485363,1.8257951691090843,4.033996392330741
117.0,116.0,2.4615519046783447,60.0,2.0,336.0,-1.0,-2.645291685524276,-4.0,0.4331756699679028,2.959599579106893,5.373837263414038
25.0,31.0,5.3843090534210205,61.0,2.0,7.0,6.0,6.642097631723809,-56.0,0.06373674566186563,4.0915210345994355,6.175733526182014
134.0,123.0,3.0799450874328613,62.0,2.0,127.0,-11.0,-6.9396087193322185,39.0,-0.3182197531654518,2.407528707686355,5.595554894794112
52.0,44.0,5.569586753845215,63.0,2.0,60.0,-8.0,-4.984897789875381,-66.0,0.020726468191601496,6.265883677077677,3.631542550729015
86.0,92.0,3.7844300270080566,64.0,2.0,47.0,6.0,-0.5643595490375812,-34.0,0.47898960024664444,7.843604547769892,2.811878692449157
119.0,113.0,2.5303549766540527,65.0,2.0,233.0,-6.0,-6.803206925600412,-33.0,0.516559036859419,2.7874712337263734,2.918003749986872
112.0,111.0,4.1486151218414316,66.0,2.0,110.0,-1.0,-3.8117411196263813,7.0,-0.7089031203150628,2.1074935223923714,2.0745368670585744
45.0,38.0,4.6797521114349365,67.0,2.0,148.0,-7.0,-3.577674778138535,67.0,-0.01798328601192902,9.248050744879922,
71.0,84.0,6.365141868591309,68.0,2.0,315.0,13.0,6.041325767570365,-26.0,0.8092289987567391,4.049786851141544,
68.0,81.0,7.817201852798463,69.0,2.0,22.0,13.0,7.379299826197505,3.0,-0.32955677138715145,1.0660025715799906,
21.0,6.0,5.854883909225464,70.0,2.0,173.0,-15.0,-12.8587953651568,47.0,-0.1535319650656543,5.907345430445227,
24.0,32.0,3.5493290424346924,71.0,2.0,263.0,8.0,8.968685423756833,-3.0,0.32955677138715145,0.6999934798453546,
66.0,65.0,4.1294119358062735,72.0,2.0,345.0,-1.0,-5.523006332508592,-42.0,0.24412107843174816,2.8758833479906527,
23.0,30.0,8.034113168716429,73.0,2.0,259.0,7.0,8.335685801700842,43.0,-0.22292163672402607,5.2933023285041765,
67.0,47.0,5.82010293006897,74.0,2.0,99.0,-20.0,-25.088816249451206,-44.0,0.20334941225411426,0.6429162165088711,
73.0,43.0,8.816597223281859,75.0,2.0,307.0,-30.0,-37.59429760321961,-6.0,0.623853885304502,1.5465361755331366,
5.0,7.0,2.499298095703125,76.0,2.0,175.0,2.0,4.212236476578285,68.0,-0.015401130003666715,8.636938705931877,
55.0,53.0,3.1488373279571533,77.0,2.0,80.0,-2.0,-0.07573985068301248,-50.0,0.11517554186282543,2.9310574652096397,
69.0,42.0,3.584882974624634,78.0,2.0,191.0,-27.0,-33.112913701105576,-14.0,1.0583342103355575,4.703356501003287,
111.0,130.0,4.966572999954224,79.0,2.0,86.0,19.0,16.098218126061745,-42.0,0.24412107843174816,4.046681639001031,
107.0,109.0,2.7166390419006348,80.0,2.0,78.0,2.0,-0.970830384779438,4.0,-0.4331756699679028,4.556287313005296,
127.0,128.0,3.65639877319336,81.0,2.0,145.0,1.0,4.619623507590527,-20.0,1.0242289161485363,3.254859414167776,
132.0,127.0,3.9169888496398926,82.0,2.0,2.0,-5.0,-0.32194874149785413,-5.0,0.5316321490230004,0.5592779592015221,
77.0,117.0,11.71786403656006,83.0,2.0,23.0,40.0,31.826343570785077,55.0,-0.07046900061804391,0.8802239056963659,
137.0,116.0,3.7343029975891113,84.0,2.0,62.0,-21.0,-19.16277407294603,-60.0,0.042134667077912885,3.151547774918673,
109.0,90.0,4.216776847839356,85.0,2.0,338.0,-19.0,-21.980699455976712,28.0,-0.7234063756542802,1.558093653026449,
,,,,,,,,,,2.4735250508287163,
115.0,122.0,3.2981081008911133,2.0,3.0,252.0,7.0,4.7300457736526,-69.0,0.012956317894756765,3.390728596084492,
103.0,129.0,4.004242897033691,3.0,3.0,118.0,26.0,23.089783696261527,12.0,-1.0048458917784262,1.4068439375588964,
87.0,114.0,3.915206909179688,4.0,3.0,286.0,27.0,20.763900803902636,16.0,-1.076530999545343,0.1066451463390066,
3.0,140.0,3.683272123336792,5.0,3.0,203.0,-11.0,-6.770632991575349,-64.0,0.026799246621441508,1.6110455052459443,
107.0,100.0,3.434890031814575,6.0,3.0,333.0,-7.0,-9.970830384779438,44.0,-0.20334941225411426,0.5103934785752099,
66.0,46.0,3.1177127361297607,7.0,3.0,70.0,-20.0,-24.523006332508594,41.0,-0.2670261974625363,2.5695500645634115,
61.0,66.0,4.036143064498901,8.0,3.0,323.0,5.0,3.5790324572605616,5.0,-0.5316321490230004,1.9063563425170313,
18.0,12.0,6.61820125579834,9.0,3.0,295.0,-6.0,-2.705053197046558,43.0,-0.22292163672402607,4.395436382365259,
139.0,138.0,5.186551094055176,10.0,3.0,215.0,-1.0,-1.2658974309173257,27.0,-0.7665083404264821,5.525557403232042,
27.0,30.0,3.236374616622925,11.0,3.0,173.0,3.0,3.1465508625418668,-36.0,0.40907735491210995,1.3066084742872888,
89.0,86.0,3.903425931930542,12.0,3.0,51.0,-3.0,-8.56012221578782,-62.0,0.03384671790985863,7.149251799615664,
91.0,99.0,3.0048520565032963,13.0,3.0,309.0,8.0,3.1020519010514906,-2.0,0.22196131701932956,3.0046040282086097,
96.0,94.0,3.8566079139709473,14.0,3.0,198.0,-2.0,-5.56500287805749,-5.0,0.5316321490230004,4.910941214337626,
140.0,147.0,4.431586980819702,15.0,3.0,278.0,7.0,5.657853165012293,-44.0,0.20334941225411426,1.1282529819943024,
33.0,32.0,3.929982900619507,16.0,3.0,305.0,-1.0,-0.8334967465563263,-41.0,0.2670261974625363,2.314369582162104,
124.0,119.0,3.633635997772217,17.0,3.0,134.0,-5.0,-3.024263376224317,57.0,-0.057590831413550946,2.6250317961815997,
32.0,37.0,3.2520570755004883,18.0,3.0,171.0,5.0,5.010967237638832,-56.0,0.06373674566186563,3.349152641296952,
23.0,29.0,3.2882511615753174,19.0,3.0,279.0,6.0,7.335685801700842,9.0,-0.854500838968973,1.2489809786997623,
50.0,43.0,3.718016862869263,20.0,3.0,19.0,-7.0,-3.556668475837901,-27.0,0.7665083404264821,1.6092071219484754,
136.0,126.0,6.163200855255128,21.0,3.0,121.0,-10.0,-7.262793653603003,62.0,-0.03384671790985863,4.918588911263813,
6.0,6.0,7.204456806182861,22.0,3.0,6.0,0.0,2.0160808585217165,-18.0,1.0634120030680743,0.8498974716988039,
92.0,119.0,2.7062792778015137,23.0,3.0,343.0,27.0,22.414197507402044,62.0,-0.03384671790985863,3.0639339049275818,
49.0,54.0,4.1165990829467765,24.0,3.0,262.0,5.0,8.562143771044484,43.0,-0.22292163672402607,4.9711500418614305,
98.0,102.0,3.9502131938934326,25.0,3.0,2.0,4.0,0.7702442916871721,-49.0,0.12683636614448335,1.116933899194621,
137.0,147.0,5.038193941116333,26.0,3.0,13.0,10.0,11.837225927053973,-39.0,0.3182197531654518,4.221379536742504,
123.0,111.0,3.0378737449646,27.0,3.0,69.0,-12.0,-10.617617385770577,14.0,-1.0583342103355575,7.858850830630623,
78.0,128.0,11.500537872314453,28.0,3.0,31.0,50.0,41.825566550682886,45.0,-0.18531974288430494,0.39648233645651426,
127.0,121.0,3.7180080413818364,29.0,3.0,72.0,-6.0,-2.3803764924094732,-49.0,0.12683636614448335,1.431258059271272,
25.0,36.0,4.481713056564331,30.0,3.0,100.0,11.0,11.642097631723809,-46.0,0.1687440828293097,9.466397042737606,
74.0,115.0,5.7114880084991455,31.0,3.0,211.0,41.0,33.173104391394425,-49.0,0.12683636614448335,3.193417964387421,
134.0,146.0,3.783314228057861,32.0,3.0,26.0,12.0,16.06039128066778,-60.0,0.042134667077912885,1.1837547252014526,
120.0,119.0,3.883354902267456,33.0,3.0,235.0,-1.0,-1.3082398721310167,14.0,-1.0583342103355575,3.1715629258264517,
95.0,110.0,3.9328842163085938,34.0,3.0,201.0,15.0,11.220668363571585,25.0,-0.8510385403884233,4.764288254327245,
133.0,93.0,7.533392906188965,35.0,3.0,289.0,-40.0,-35.5425785626968,-38.0,0.3466079352525694,1.8825434777348253,
45.0,37.0,4.764878273010254,36.0,3.0,26.0,-8.0,-4.577674778138535,-60.0,0.042134667077912885,2.074382564200566,
7.0,146.0,4.897656202316284,37.0,3.0,94.0,-9.0,-6.871127190943758,38.0,-0.3466079352525694,2.1645275203345684,
130.0,124.0,4.284031867980957,38.0,3.0,308.0,-6.0,-1.3665557265157897,25.0,-0.8510385403884233,1.4528739877418984,
2.0,126.0,3.9502668380737305,39.0,3.0,309.0,-24.0,-17.490710009712224,-20.0,1.0242289161485363,4.675741035340854,
142.0,140.0,5.816552877426148,40.0,3.0,11.0,-2.0,-5.034420085103752,8.0,-0.7859932882983036,1.1130026761132021,
42.0,43.0,4.617762088775635,41.0,3.0,131.0,1.0,3.7744835701243264,-48.0,0.13959263245643444,3.258818492622254,
11.0,7.0,4.214571952819823,42.0,3.0,23.0,-4.0,-0.4789398923508852,31.0,-0.5962171967212037,2.9543313954183517,
37.0,36.0,3.6467359066009517,43.0,3.0,156.0,-1.0,0.20636916715995746,-26.0,0.8092289987567391,1.6088551737131982,
40.0,40.0,4.684014081954956,44.0,3.0,162.0,0.0,2.177589813080383,-3.0,0.32955677138715145,0.5371546512877392,
1.0,143.0,9.584094047546387,45.0,3.0,335.0,-6.0,4.029850702894127,39.0,-0.3182197531654518,6.732264622178329,
34.0,25.0,6.666536092758179,46.0,3.0,78.0,-9.0,-8.628279020301326,-33.0,0.516559036859419,3.0809402569046607,
117.0,125.0,2.38297176361084,47.0,3.0,195.0,8.0,6.354708314475724,65.0,-0.02365603269590966,2.2063564732127445,
73.0,70.0,2.902146100997925,48.0,3.0,34.0,-3.0,-10.594297603219607,44.0,-0.20334941225411426,1.9965202477212385,
38.0,32.0,3.3191978931427,49.0,3.0,134.0,-6.0,-4.472331154542465,35.0,-0.44312957163182515,0.07646865104103093,
106.0,99.0,9.50082778930664,50.0,3.0,344.0,-7.0,-9.950538028621727,-68.0,0.015401130003666715,0.8877436512851209,
129.0,115.0,5.3005759716033936,51.0,3.0,303.0,-14.0,-9.598626820473887,-23.0,0.9295263377955622,0.7494300286452787,
138.0,139.0,5.367492914199829,52.0,3.0,322.0,1.0,1.8187324789478314,-9.0,0.854500838968973,5.212432198769826,
113.0,109.0,7.7857298851013175,53.0,3.0,148.0,-4.0,-6.679711378264519,25.0,-0.8510385403884233,7.516083255556734,
62.0,43.0,5.234099864959717,54.0,3.0,321.0,-19.0,-21.053497861069154,51.0,-0.1045254454855213,2.6257796457701725,
135.0,120.0,3.567211151123047,55.0,3.0,346.0,-15.0,-11.51537557107064,-73.0,0.004122796442254691,2.2000802020823156,
56.0,48.0,4.718799114227295,56.0,3.0,292.0,-8.0,-6.544605187117545,-69.0,0.012956317894756765,1.0758070399583144,
146.0,137.0,3.8494081497192383,57.0,3.0,157.0,-9.0,-8.462246360248278,58.0,-0.0519755852297164,1.5845454575929028,
131.0,2.0,3.433547019958496,58.0,3.0,213.0,19.0,23.73180018386632,15.0,-1.0716328861385522,3.587074547877614,
20.0,27.0,5.270460844039917,59.0,3.0,294.0,7.0,9.550022036451859,-37.0,0.3768939888136435,5.5024728536713505,
31.0,40.0,4.684736967086792,60.0,3.0,152.0,9.0,8.911442228988543,-11.0,0.9641248682996589,1.7109770051538868,
100.0,77.0,5.419705152511597,61.0,3.0,136.0,-23.0,-26.02002453354236,-69.0,0.012956317894756765,2.492782174417496,
85.0,95.0,4.6543099880218515,62.0,3.0,308.0,10.0,3.122106581210696,15.0,-1.0716328861385522,1.876790567450442,
141.0,144.0,7.232406139373778,63.0,3.0,103.0,3.0,0.6909397291326602,-56.0,0.06373674566186563,1.1584031541538373,
43.0,37.0,3.382361888885498,64.0,3.0,55.0,-6.0,-2.968944657175987,-50.0,0.11517554186282543,4.602115260148808,
79.0,63.0,7.283524990081787,65.0,3.0,66.0,-16.0,-24.12098118665528,-36.0,0.40907735491210995,1.7646679856616003,
15.0,10.0,4.266420841217041,66.0,3.0,20.0,-5.0,-1.032831661797962,64.0,-0.026799246621441508,5.9518624981966415,
67.0,47.0,4.317052125930786,67.0,3.0,254.0,-20.0,-25.088816249451206,-52.0,0.09480487869949954,2.730138626001397,
94.0,95.0,4.636560916900635,68.0,3.0,248.0,1.0,-3.0227672628410485,-27.0,0.7665083404264821,8.07954545619266,
143.0,134.0,4.352901220321654,69.0,3.0,48.0,-9.0,-12.34935405064879,-49.0,0.12683636614448335,1.7768877033398998,
59.0,65.0,4.427999019622803,70.0,3.0,197.0,6.0,5.8089769041534485,-64.0,0.026799246621441508,0.27641578775056624,
93.0,104.0,2.6850340366363525,71.0,3.0,295.0,11.0,6.707284054506099,-34.0,0.47898960024664444,1.57868653351776,
57.0,64.0,3.768376111984253,72.0,3.0,335.0,7.0,7.942376935380944,36.0,-0.40907735491210995,2.237485411665199,
5.0,143.0,3.902862071990967,73.0,3.0,33.0,-10.0,-7.787763523421715,52.0,-0.09480487869949954,3.6602809299319516,
99.0,85.0,3.868638277053833,74.0,3.0,97.0,-14.0,-17.109600675525364,54.0,-0.07784751948752053,4.058957579037446,
132.0,136.0,4.430800199508667,75.0,3.0,111.0,4.0,8.678051258502146,-33.0,0.516559036859419,1.5850790202558935,
68.0,80.0,9.185100078582764,76.0,3.0,349.0,12.0,6.379299826197505,64.0,-0.026799246621441508,4.192247433806892,
80.0,121.0,8.40234112739563,77.0,3.0,6.0,41.0,32.98363224160858,-12.0,1.0048458917784262,3.2255211277477684,
24.0,32.0,4.600988388061523,78.0,3.0,125.0,8.0,8.968685423756833,56.0,-0.06373674566186563,1.4712828760945829,
63.0,44.0,3.5021538734436035,79.0,3.0,29.0,-19.0,-21.68750657380729,-39.0,0.3182197531654518,1.7854182022824343,
70.0,128.0,13.967589855194092,80.0,3.0,28.0,58.0,51.4396366677309,-7.0,0.7089031203150628,6.782756186173887,
122.0,120.0,2.1821939945220947,81.0,3.0,233.0,-2.0,-1.2050004110451393,-52.0,0.09480487869949954,6.086437666372422,
104.0,117.0,3.8663098812103267,82.0,3.0,305.0,13.0,10.086092972880474,18.0,-1.0634120030680743,1.6678997484952207,
112.0,110.0,2.5561659336090092,83.0,3.0,330.0,-2.0,-4.811741119626381,-8.0,0.7859932882983036,1.6549712570344126,
88.0,104.0,7.561087846755981,84.0,3.0,25.0,16.0,10.100687421348093,24.0,-0.8913504921845389,3.0363848914768283,
54.0,54.0,3.6857621669769287,85.0,3.0,190.0,0.0,2.343497252001166,34.0,-0.47898960024664444,5.28163376210611,
,,,,,,,,,,2.832080025744659,
,,,,,,,,,,4.497058119142101,
,,,,,,,,,,2.8301359505294097,
,,,,,,,,,,3.3307190766044763,
,,,,,,,,,,3.1936473244994588,
,,,,,,,,,,3.331978693494647,
,,,,,,,,,,2.25532175109275,
,,,,,,,,,,0.35100529125485697,
,,,,,,,,,,4.294564789289841,
,,,,,,,,,,5.1156378401511455,
,,,,,,,,,,5.675180708465334,
,,,,,,,,,,1.9967589325624933,
,,,,,,,,,,2.586395290512063,
,,,,,,,,,,3.6526626846899775,
,,,,,,,,,,1.4941928064027639,
,,,,,,,,,,1.4442745743429466,
,,,,,,,,,,2.4467349208604694,
,,,,,,,,,,1.217838016071576,
,,,,,,,,,,2.9007886476287537,
,,,,,,,,,,3.5791155414160407,
,,,,,,,,,,0.3509805644840434,
,,,,,,,,,,2.834077708816521,
,,,,,,,,,,3.986052305855554,
,,,,,,,,,,4.559071803017032,
,,,,,,,,,,6.496354037022967,
,,,,,,,,,,2.413160767414248,
,,,,,,,,,,1.6560220084222685,
,,,,,,,,,,2.7968414689470698,
,,,,,,,,,,2.6751102411191665,
,,,,,,,,,,5.779349542639835,
,,,,,,,,,,7.850738320270899,
,,,,,,,,,,1.9748441219787933,
,,,,,,,,,,4.6755877249439175,
,,,,,,,,,,1.9327456121055053,
,,,,,,,,,,2.9496515726225336,
,,,,,,,,,,3.3644310096824404,
,,,,,,,,,,7.822041571371276,
,,,,,,,,,,2.3518078326902288,
,,,,,,,,,,5.410403012149065,
,,,,,,,,,,1.7521290736232928,
,,,,,,,,,,1.0181142680598607,
,,,,,,,,,,2.583789349712037,
,,,,,,,,,,2.2181334298886166,
,,,,,,,,,,1.6099638446776476,
,,,,,,,,,,2.8286409460798594,
,,,,,,,,,,1.8114968494334875,
,,,,,,,,,,3.0563530961009295,
,,,,,,,,,,3.0704501851860666,
,,,,,,,,,,2.257808118417729,
,,,,,,,,,,3.7672012496625515,
,,,,,,,,,,0.8743114976786698,
,,,,,,,,,,7.015115899972821,
,,,,,,,,,,5.461673444764255,
,,,,,,,,,,3.9198423484468576,
,,,,,,,,,,3.7816000412769237,
,,,,,,,,,,1.7331052099138726,
,,,,,,,,,,3.792458803910644,
,,,,,,,,,,1.0391089764754402,
,,,,,,,,,,3.7248407314725305,
,,,,,,,,,,10.341347225899671,
,,,,,,,,,,2.654004805030743,
,,,,,,,,,,2.61540104189078,
,,,,,,,,,,1.541896119017091,
,,,,,,,,,,6.114939152367387,
,,,,,,,,,,4.437312002724163,
,,,,,,,,,,0.4576811972954441,
,,,,,,,,,,3.8260196511231315,
,,,,,,,,,,3.2920932977303203,
,,,,,,,,,,4.541457184913488,
,,,,,,,,,,2.158810590518445,
,,,,,,,,,,2.3146275224081085,
,,,,,,,,,,6.746137255117237,
,,,,,,,,,,1.3378350219784014,
,,,,,,,,,,0.2729007394272102,
,,,,,,,,,,1.7664356628448559,
,,,,,,,,,,6.842683565392378,
,,,,,,,,,,3.8682316322171264,
,,,,,,,,,,2.5272363122323367,
,,,,,,,,,,2.6991786683479204,
,,,,,,,,,,3.444266650183892,
,,,,,,,,,,3.386582706617858,
,,,,,,,,,,1.8646240765508928,
,,,,,,,,,,1.828657897283967,
,,,,,,,,,,2.362441953205709,
,,,,,,,,,,6.379545521681447,
,,,,,,,,,,5.617419766382379,
,,,,,,,,,,1.753054005670077,
,,,,,,,,,,2.8536858290369427,
,,,,,,,,,,3.358481617490698,
,,,,,,,,,,3.4449571641974184,
,,,,,,,,,,5.675509340414129,
,,,,,,,,,,1.9929642946817407,
,,,,,,,,,,0.8191527152815266,
,,,,,,,,,,6.499236056158372,
,,,,,,,,,,0.3079283292573811,
,,,,,,,,,,4.9918950932734285,
,,,,,,,,,,2.296175477977074,
,,,,,,,,,,1.9025387034568897,
,,,,,,,,,,10.742934998688236,
,,,,,,,,,,2.256660886004363,
,,,,,,,,,,4.8704797799600845,
,,,,,,,,,,1.8766643433812527,
,,,,,,,,,,2.5985493190843436,
,,,,,,,,,,1.908230859304585,
,,,,,,,,,,0.48419177633767035,
,,,,,,,,,,0.9532645091630604,
,,,,,,,,,,3.925443076614013,
,,,,,,,,,,4.935485434728043,
,,,,,,,,,,3.1898857472180144,
,,,,,,,,,,5.693234553283673,
,,,,,,,,,,3.4491880604029435,
,,,,,,,,,,4.58620198619669,
,,,,,,,,,,1.0661402876746113,
,,,,,,,,,,3.4987618875559203,
,,,,,,,,,,0.7271366637811577,
,,,,,,,,,,3.965344411835191,
,,,,,,,,,,1.1325588665611226,
,,,,,,,,,,2.1107258470139203,
,,,,,,,,,,3.3493049909692982,
,,,,,,,,,,3.5494813698098895,
,,,,,,,,,,0.4410645315862126,
,,,,,,,,,,5.5319286063558515,
,,,,,,,,,,0.8719818066894798,
,,,,,,,,,,2.7126022629876556,
,,,,,,,,,,0.3604115755278835,
,,,,,,,,,,5.152302490723314,
,,,,,,,,,,3.6538309369648156,
,,,,,,,,,,3.9349468461453454,
,,,,,,,,,,1.960095618182392,
,,,,,,,,,,1.8965229617434376,
,,,,,,,,,,1.7910636042653094,
,,,,,,,,,,1.9418245192568067,
,,,,,,,,,,2.9942292506004464,
,,,,,,,,,,0.9508781223471422,
,,,,,,,,,,1.3275340876901205,
,,,,,,,,,,2.6528770746161787,
,,,,,,,,,,3.607061143498922,
,,,,,,,,,,5.751700690826043,
,,,,,,,,,,2.1964683358202186,
,,,,,,,,,,1.780702841628289,
,,,,,,,,,,1.607662672857638,
,,,,,,,,,,2.6650074301419213,
,,,,,,,,,,1.0525502330907077,
,,,,,,,,,,3.783414362748187,
,,,,,,,,,,1.793860510955835,
,,,,,,,,,,1.8693439505268097,
,,,,,,,,,,2.382818553425874,
,,,,,,,,,,2.463028964413935,
,,,,,,,,,,1.5362237756776513,
,,,,,,,,,,6.107190245089373,
,,,,,,,,,,4.79076757126801,
,,,,,,,,,,0.7838830188654411,
,,,,,,,,,,3.611982213268321,
,,,,,,,,,,1.1635385654254584,
,,,,,,,,,,9.6714941099456,
,,,,,,,,,,1.3459777995942062,
,,,,,,,,,,2.6812505220636695,
,,,,,,,,,,6.794354246883141,
,,,,,,,,,,1.3978469083819343,
,,,,,,,,,,1.095111988174097,
,,,,,,,,,,3.762148684267532,
,,,,,,,,,,0.4262680256212426,
,,,,,,,,,,1.9982399134282773,
,,,,,,,,,,2.67205975930863,
,,,,,,,,,,4.593984730172616,
,,,,,,,,,,3.247891648385872,
,,,,,,,,,,1.3832084034153092,
,,,,,,,,,,0.49090369220103125,
,,,,,,,,,,1.3895069879398132,
,,,,,,,,,,4.762213575505101,
,,,,,,,,,,2.410185296623194,
,,,,,,,,,,0.9753889601696201,
,,,,,,,,,,2.1245527211370323,
,,,,,,,,,,4.649934467523187,
,,,,,,,,,,8.72542723687161,
,,,,,,,,,,1.048408562082322,
,,,,,,,,,,5.3293059873171345,
,,,,,,,,,,1.9114699502089243,
,,,,,,,,,,0.9484731499806901,
,,,,,,,,,,6.727317070333087,
,,,,,,,,,,1.123111397126362,
,,,,,,,,,,2.460355222020104,
,,,,,,,,,,0.9484094415402587,
,,,,,,,,,,1.4186258751863874,
,,,,,,,,,,1.1115716803507856,
,,,,,,,,,,2.151639838713371,
,,,,,,,,,,2.1545587271852398,
,,,,,,,,,,1.6426174509183322,
,,,,,,,,,,4.712873396978597,
,,,,,,,,,,1.9923837413823258,
,,,,,,,,,,2.421028953443336,
,,,,,,,,,,3.8018078376198745,
,,,,,,,,,,0.7417915193620643,
,,,,,,,,,,9.13428450103864,
,,,,,,,,,,2.762619919934686,
,,,,,,,,,,1.6989179100728442,
,,,,,,,,,,4.335025899690083,
,,,,,,,,,,0.3647165291778508,
,,,,,,,,,,4.704031956456414,
,,,,,,,,,,1.8024671989234313,
,,,,,,,,,,2.4178072841070457,
,,,,,,,,,,2.2946039969616656,
,,,,,,,,,,3.3713047972173844,
,,,,,,,,,,3.927928281775265,
,,,,,,,,,,0.5801156287097788,
,,,,,,,,,,1.169770509263713,
,,,,,,,,,,2.658951949262484,
,,,,,,,,,,2.119405073526427,
,,,,,,,,,,3.1330985079846627,
,,,,,,,,,,0.43593102017863794,
,,,,,,,,,,2.2624840847079386,
,,,,,,,,,,1.7016586251537618,
,,,,,,,,,,3.3511268571975745,
,,,,,,,,,,0.7933208180925265,
,,,,,,,,,,4.091413732475828,
,,,,,,,,,,5.179714549509253,
,,,,,,,,,,2.7661009829764427,
,,,,,,,,,,3.0535128404754937,
,,,,,,,,,,6.6010365967721105,
,,,,,,,,,,4.158581394194871,
,,,,,,,,,,1.259653806378734,
,,,,,,,,,,10.844902598640335,
,,,,,,,,,,4.154429010428215,
,,,,,,,,,,0.7325230245313553,
,,,,,,,,,,0.9094482196927851,
,,,,,,,,,,2.5543404876941023,
,,,,,,,,,,0.5394105374843704,
,,,,,,,,,,4.731014802508661,
,,,,,,,,,,2.0777241207922135,
,,,,,,,,,,0.2997197886983047,
,,,,,,,,,,1.6002548233436076,
,,,,,,,,,,1.5576325413082193,
,,,,,,,,,,4.258829591326134,
,,,,,,,,,,7.925342732220448,
,,,,,,,,,,1.5319156229693907,
,,,,,,,,,,2.867341388201188,
,,,,,,,,,,6.041495440291102,
,,,,,,,,,,2.7313155020035476,
,,,,,,,,,,4.052517266945679,
,,,,,,,,,,8.000351244295032,
,,,,,,,,,,1.6274592182515952,
,,,,,,,,,,1.625166935833748,
,,,,,,,,,,6.5486965467351945,
,,,,,,,,,,0.6997363589460953,
,,,,,,,,,,4.455066279636881,
,,,,,,,,,,0.6033083329221978,
,,,,,,,,,,1.3439407495002547,
,,,,,,,,,,6.48203789256068,
,,,,,,,,,,1.6258928009184455,
,,,,,,,,,,10.074867348922105,
,,,,,,,,,,2.935102602649326,
,,,,,,,,,,0.8867538340411535,
,,,,,,,,,,0.34000492338696986,
,,,,,,,,,,4.317479209724548,
,,,,,,,,,,4.442553590428655,
,,,,,,,,,,5.076692406411343,
,,,,,,,,,,3.327868710603101,
,,,,,,,,,,2.274050954417404,
,,,,,,,,,,4.341946025331701,
,,,,,,,,,,1.7167360941878511,
,,,,,,,,,,1.5830553253045505,
,,,,,,,,,,1.3236296803060013,
,,,,,,,,,,1.4869009730112563,
,,,,,,,,,,2.3185951059139853,
,,,,,,,,,,4.76980467565045,
,,,,,,,,,,3.9897836856985283,
,,,,,,,,,,2.7994220953680706,
,,,,,,,,,,1.1370505482044078,
,,,,,,,,,,3.131554522834288,
,,,,,,,,,,1.1054542094630218,
,,,,,,,,,,1.3635198128527672,
,,,,,,,,,,0.9940020365898043,
,,,,,,,,,,1.0899353175314144,
,,,,,,,,,,4.1208137610631095,
,,,,,,,,,,1.9542983986408982,
,,,,,,,,,,0.8239081782548695,
,,,,,,,,,,1.5634172884621587,
,,,,,,,,,,3.074394098601259,
,,,,,,,,,,3.9591434153182474,
,,,,,,,,,,5.372121760132573,
,,,,,,,,,,5.672642188007453,
,,,,,,,,,,4.628659646054033,
,,,,,,,,,,3.606869585955562,
,,,,,,,,,,2.980440919867241,
,,,,,,,,,,1.8353908374713206,
,,,,,,,,,,4.714197998457391,
,,,,,,,,,,3.6704159640904392,
,,,,,,,,,,1.4040537275544462,
,,,,,,,,,,5.341416420253452,
,,,,,,,,,,2.2916598308766822,
,,,,,,,,,,3.2214714604265278,
,,,,,,,,,,2.3193340414614765,
,,,,,,,,,,3.722888116916372,
,,,,,,,,,,1.2661399676606473,
,,,,,,,,,,5.7859954473915405,
,,,,,,,,,,0.6543338014592212,
,,,,,,,,,,4.486243080818335,
,,,,,,,,,,5.990025445520378,
,,,,,,,,,,2.3284057633828663,
,,,,,,,,,,2.772665333121692,
,,,,,,,,,,1.8878704024250226,
,,,,,,,,,,1.4651489892371399,
,,,,,,,,,,1.4260964146966277,
,,,,,,,,,,0.05452490374368197,
,,,,,,,,,,1.3120513144309576,
,,,,,,,,,,2.0453689073490953,
,,,,,,,,,,3.287625550145678,
,,,,,,,,,,5.856508669639433,
,,,,,,,,,,1.091478673837234,
,,,,,,,,,,1.1267032147180196,
,,,,,,,,,,2.055737944065688,
,,,,,,,,,,5.564869187501532,
,,,,,,,,,,3.614594723608229,
,,,,,,,,,,1.2696012141274657,
,,,,,,,,,,0.19867000317070596,
,,,,,,,,,,2.696528169970659,
,,,,,,,,,,1.7891795669116772,
,,,,,,,,,,1.8928035169206103,
,,,,,,,,,,5.597456930817142,
,,,,,,,,,,2.476659128667682,
,,,,,,,,,,2.5209916899897804,
,,,,,,,,,,0.8842870430465947,
,,,,,,,,,,1.4142722942918313,
,,,,,,,,,,4.020730637110918,
,,,,,,,,,,1.9108468268104999,
,,,,,,,,,,5.738868539394459,
,,,,,,,,,,4.4734354999942445,
,,,,,,,,,,0.298373020640301,
,,,,,,,,,,3.162095114827985,
,,,,,,,,,,2.6573621257899585,
,,,,,,,,,,0.7278541296428274,
,,,,,,,,,,0.25876542895886717,
,,,,,,,,,,2.343573424152273,
,,,,,,,,,,2.310404458922908,
,,,,,,,,,,0.596124362855392,
,,,,,,,,,,2.356537981777124,
,,,,,,,,,,3.408119174007054,
,,,,,,,,,,1.3039309414631282,
,,,,,,,,,,5.867498216113592,
,,,,,,,,,,2.3268375642566728,
,,,,,,,,,,1.7833337234036897,
,,,,,,,,,,2.7140579693707645,
,,,,,,,,,,2.4984663397175546,
,,,,,,,,,,1.7881908844746448,
,,,,,,,,,,1.3613333100616702,
,,,,,,,,,,1.1953452325618346,
,,,,,,,,,,0.7899152394798042,
,,,,,,,,,,2.237811009045595,
,,,,,,,,,,3.158876708207128,
,,,,,,,,,,0.8980554982705414,
,,,,,,,,,,2.1290560696650354,
,,,,,,,,,,2.974561522155546,
,,,,,,,,,,2.7948342234619123,
,,,,,,,,,,1.4638538007586441,
,,,,,,,,,,3.082192907045835,
,,,,,,,,,,1.835989740524698,
,,,,,,,,,,3.5149449665932964,
,,,,,,,,,,1.8082504390603367,
,,,,,,,,,,2.743502179057801,
,,,,,,,,,,3.6263137080082455,
,,,,,,,,,,8.48573367642669,
,,,,,,,,,,3.383281638721508,
,,,,,,,,,,5.844816215396639,
,,,,,,,,,,2.7594607569205944,
,,,,,,,,,,3.969901239488671,
,,,,,,,,,,1.0644619363269392,
,,,,,,,,,,5.459556396438934,
,,,,,,,,,,2.6279312975508295,
,,,,,,,,,,1.863962228112345,
,,,,,,,,,,3.2690949203795876,
,,,,,,,,,,3.557958431483648,
,,,,,,,,,,2.3278912505797176,
,,,,,,,,,,2.0174214029613573,
,,,,,,,,,,3.0108656391673434,
,,,,,,,,,,4.536319249296817,
,,,,,,,,,,7.332472998940773,
,,,,,,,,,,8.426652251199283,
,,,,,,,,,,1.7532865129583617,
,,,,,,,,,,6.013514994451187,
,,,,,,,,,,1.505232656202082,
,,,,,,,,,,1.0722066697410706,
,,,,,,,,,,1.9559000596669318,
,,,,,,,,,,0.9777944305791647,
,,,,,,,,,,1.3163103029442913,
,,,,,,,,,,4.040057493356893,
,,,,,,,,,,4.2304451727601835,
,,,,,,,,,,1.1506416156007562,
,,,,,,,,,,3.634719848213821,
,,,,,,,,,,1.813829142986945,
,,,,,,,,,,8.576693503383082,
,,,,,,,,,,5.775155271498291,
,,,,,,,,,,1.3585952723754677,
,,,,,,,,,,1.755439543077148,
,,,,,,,,,,1.9319408950309729,
,,,,,,,,,,3.2679955386133077,
,,,,,,,,,,1.3822160253420057,
,,,,,,,,,,5.841175728049183,
,,,,,,,,,,2.5683270490347447,
,,,,,,,,,,1.0719721980816845,
,,,,,,,,,,1.262010221219606,
,,,,,,,,,,2.3426008017351374,
,,,,,,,,,,1.1830003018908488,
,,,,,,,,,,2.115497987115182,
,,,,,,,,,,1.1794357756589255,
,,,,,,,,,,1.6102831293007003,
,,,,,,,,,,3.0145496858644383,
,,,,,,,,,,3.700238489243248,
,,,,,,,,,,1.191494187670284,
,,,,,,,,,,2.680082344631453,
,,,,,,,,,,4.315099907029582,
,,,,,,,,,,0.6355076468702547,
,,,,,,,,,,2.2011228655300665,
,,,,,,,,,,3.7275263882043856,
,,,,,,,,,,2.525152357670995,
,,,,,,,,,,3.5004893311348417,
,,,,,,,,,,2.9323700298035553,
,,,,,,,,,,1.2427907708408439,
,,,,,,,,,,3.8248456756986475,
,,,,,,,,,,4.6515153167421825,
,,,,,,,,,,5.243523975253253,
,,,,,,,,,,0.03982380279656416,
,,,,,,,,,,2.284046331300776,
,,,,,,,,,,0.7521783743127782,
,,,,,,,,,,5.266980715341066,
,,,,,,,,,,6.753736606303757,
,,,,,,,,,,2.062303222779696,
,,,,,,,,,,5.929602787926908,
,,,,,,,,,,4.703673204261679,
,,,,,,,,,,3.8025115895534936,
,,,,,,,,,,4.933215133707018,
,,,,,,,,,,4.813224288259455,
,,,,,,,,,,2.658741060196333,
,,,,,,,,,,5.689053182668036,
,,,,,,,,,,0.5708286105955882,
,,,,,,,,,,7.7277639150328605,
,,,,,,,,,,5.346794800868045,
,,,,,,,,,,1.2303206957176165,
,,,,,,,,,,1.6612482574415055,
,,,,,,,,,,5.376541439645012,
,,,,,,,,,,2.0961961307975097,
,,,,,,,,,,2.7387960628725168,
,,,,,,,,,,2.115127315672383,
,,,,,,,,,,0.9484416877645672,
,,,,,,,,,,5.9283641749035025,
,,,,,,,,,,2.1179839418651443,
,,,,,,,,,,7.791889006779756,
,,,,,,,,,,4.181756645430471,
,,,,,,,,,,1.7754097644499074,
,,,,,,,,,,5.180048488206577,
,,,,,,,,,,1.379934812890151,
,,,,,,,,,,2.0911077043233277,
,,,,,,,,,,2.216258203303596,
,,,,,,,,,,2.8761108579182473,
,,,,,,,,,,2.18203669989613,
,,,,,,,,,,2.0031844681681314,
,,,,,,,,,,2.4196358536330216,
,,,,,,,,,,1.1695164712422141,
,,,,,,,,,,0.7095108273175014,
,,,,,,,,,,1.8016159964846024,
,,,,,,,,,,3.027828739125093,
,,,,,,,,,,0.3148233033125467,
,,,,,,,,,,1.4749729256176674,
,,,,,,,,,,4.694651707435631,
,,,,,,,,,,0.24980624960923034,
,,,,,,,,,,5.462679583557196,
,,,,,,,,,,0.3512466447439697,
,,,,,,,,,,2.9777730118471757,
,,,,,,,,,,1.4178613697395135,
,,,,,,,,,,4.1690813441252335,
,,,,,,,,,,2.806398929762013,
,,,,,,,,,,3.3585255364436897,
,,,,,,,,,,5.26459799854339,
,,,,,,,,,,2.7434244470766846,
,,,,,,,,,,3.7948754647427565,
,,,,,,,,,,1.4248963811735529,
,,,,,,,,,,3.652750511009415,
,,,,,,,,,,1.0372850063518124,
,,,,,,,,,,4.4925876649433585,
,,,,,,,,,,3.3921518936145962,
,,,,,,,,,,0.6406293925496207,
,,,,,,,,,,5.437467930551732,
,,,,,,,,,,3.1267756466949046,
,,,,,,,,,,2.075155717188799,
,,,,,,,,,,4.00671470955296,
,,,,,,,,,,5.264130169385277,
,,,,,,,,,,3.7657572119773137,
,,,,,,,,,,1.0452979416716228,
,,,,,,,,,,0.7790899766505198,
,,,,,,,,,,3.424911135141905,
,,,,,,,,,,2.4981373494402344,
,,,,,,,,,,3.333097356657744,
,,,,,,,,,,1.779683694909755,
,,,,,,,,,,9.307927153101385,
,,,,,,,,,,1.351927906680868,
,,,,,,,,,,3.274481724089157,
,,,,,,,,,,4.702614111506012,
,,,,,,,,,,2.650784663490317,
,,,,,,,,,,2.993481033642965,
,,,,,,,,,,4.516056099888346,
,,,,,,,,,,1.4180841435089098,
,,,,,,,,,,3.2910073448646044,
,,,,,,,,,,2.729993119398994,
,,,,,,,,,,0.5787839742474572,
,,,,,,,,,,6.20170416192061,
,,,,,,,,,,3.6603527182807194,
,,,,,,,,,,7.95151627313822,
,,,,,,,,,,1.832056805248527,
,,,,,,,,,,5.554909121922907,
,,,,,,,,,,4.760872599447621,
,,,,,,,,,,0.7206988210179658,
,,,,,,,,,,2.0442704376227168,
,,,,,,,,,,3.4092167923806738,
,,,,,,,,,,3.924041763467608,
,,,,,,,,,,1.6211199700699868,
,,,,,,,,,,2.34147246802691,
,,,,,,,,,,4.796134287847362,
,,,,,,,,,,3.7034804427719896,
,,,,,,,,,,3.250829053313751,
,,,,,,,,,,2.7890440476426126,
,,,,,,,,,,1.9925641655791793,
,,,,,,,,,,0.5143000568330165,
,,,,,,,,,,5.736847057355863,
,,,,,,,,,,3.321726857392491,
,,,,,,,,,,0.848697074563728,
,,,,,,,,,,1.588208051899812,
,,,,,,,,,,2.8196172428959123,
,,,,,,,,,,2.4221037747317204,
,,,,,,,,,,2.1030486813840734,
,,,,,,,,,,1.6419438795877965,
,,,,,,,,,,3.914250603754097,
,,,,,,,,,,3.211016373518872,
,,,,,,,,,,2.4680670456464116,
,,,,,,,,,,2.3284090313880914,
,,,,,,,,,,2.4310305299306916,
,,,,,,,,,,0.8282421819741892,
,,,,,,,,,,1.0793498759127451,
,,,,,,,,,,0.39763044172868234,
,,,,,,,,,,1.3435605708806004,
,,,,,,,,,,4.284051061850546,
,,,,,,,,,,1.8857049916239996,
,,,,,,,,,,1.3825174070852668,
,,,,,,,,,,2.0283404928338666,
,,,,,,,,,,1.2141141182643624,
,,,,,,,,,,1.777079539807878,
,,,,,,,,,,3.2532308449235736,
,,,,,,,,,,2.3117542289130575,
,,,,,,,,,,1.3126037278084406,
,,,,,,,,,,3.200272250074124,
,,,,,,,,,,5.191248099398598,
,,,,,,,,,,2.5389372847813894,
,,,,,,,,,,4.164707403101279,
,,,,,,,,,,1.1351565141939228,
,,,,,,,,,,2.0430091153358694,
,,,,,,,,,,1.930867493285872,
,,,,,,,,,,5.503054900312976,
,,,,,,,,,,5.476498177955262,
,,,,,,,,,,2.4329221333531303,
,,,,,,,,,,4.64210544059875,
,,,,,,,,,,1.3511923897603535,
,,,,,,,,,,3.1989446633928225,
,,,,,,,,,,1.076907276434403,
,,,,,,,,,,0.47566242935985903,
,,,,,,,,,,3.428622268467588,
,,,,,,,,,,0.5878061472039358,
,,,,,,,,,,1.188819559334401,
,,,,,,,,,,1.0999016288090933,
,,,,,,,,,,0.7398592266819555,
,,,,,,,,,,2.8295948545188003,
,,,,,,,,,,4.038289939025044,
,,,,,,,,,,0.6445700503113756,
,,,,,,,,,,3.9378825292095394,
,,,,,,,,,,4.20589741736211,
,,,,,,,,,,3.8296544215888497,
,,,,,,,,,,1.7893724479501816,
,,,,,,,,,,4.128016608450934,
,,,,,,,,,,1.4911454249854719,
,,,,,,,,,,1.185838147800723,
,,,,,,,,,,2.3585872522617524,
,,,,,,,,,,3.388224707889628,
,,,,,,,,,,7.651028940567503,
,,,,,,,,,,2.034336814496622,
,,,,,,,,,,1.416232093112664,
,,,,,,,,,,3.876507000475879,
,,,,,,,,,,1.1786022626122044,
,,,,,,,,,,0.890828452742394,
,,,,,,,,,,1.0408492322271872,
,,,,,,,,,,4.978674792791667,
,,,,,,,,,,0.5907748519880474,
,,,,,,,,,,1.6337121350647088,
,,,,,,,,,,3.553278183128483,
,,,,,,,,,,2.2211062274424926,
,,,,,,,,,,2.467293826306728,
,,,,,,,,,,1.5273419210236214,
,,,,,,,,,,3.689594080955614,
,,,,,,,,,,3.6435546874834257,
,,,,,,,,,,3.3012672118290065,
,,,,,,,,,,6.395639511251815,
,,,,,,,,,,6.305890900712253,
,,,,,,,,,,4.774824573451884,
,,,,,,,,,,5.53356658135145,
,,,,,,,,,,1.5295665871245459,
,,,,,,,,,,1.489194182746175,
,,,,,,,,,,1.7786011402958997,
,,,,,,,,,,3.993579434181742,
,,,,,,,,,,0.41336414494439316,
,,,,,,,,,,5.4446988572208666,
,,,,,,,,,,2.1447257408595584,
,,,,,,,,,,2.605362864672647,
,,,,,,,,,,6.874193202418065,
,,,,,,,,,,3.4654132936331083,
,,,,,,,,,,4.846830007686286,
,,,,,,,,,,5.979151968630294,
,,,,,,,,,,2.397212142553017,
,,,,,,,,,,0.534755877259858,
,,,,,,,,,,4.98228860035404,
,,,,,,,,,,2.757503843106097,
,,,,,,,,,,3.4574238797270094,
,,,,,,,,,,1.330749673867167,
,,,,,,,,,,1.393714975945431,
,,,,,,,,,,2.2020250390258957,
,,,,,,,,,,2.176108973015357,
,,,,,,,,,,1.4316649293988746,
,,,,,,,,,,2.3366788653056756,
,,,,,,,,,,6.106685843851959,
,,,,,,,,,,4.126480853286753,
,,,,,,,,,,0.9642278147983314,
,,,,,,,,,,5.272652357092029,
,,,,,,,,,,3.9652625748140844,
,,,,,,,,,,2.5540496321820614,
,,,,,,,,,,1.0195217483005312,
,,,,,,,,,,3.1137462126620243,
,,,,,,,,,,0.596933018022768,
,,,,,,,,,,5.397829369162881,
,,,,,,,,,,1.4441211016835507,
,,,,,,,,,,0.7027588663147131,
,,,,,,,,,,1.1138736971382825,
,,,,,,,,,,0.28804445563141035,
,,,,,,,,,,3.5288641468063435,
,,,,,,,,,,4.93068185695668,
,,,,,,,,,,3.587429689742973,
,,,,,,,,,,2.08634018086004,
,,,,,,,,,,5.474503578814819,
,,,,,,,,,,1.9965630443985911,
,,,,,,,,,,2.4912025975673995,
,,,,,,,,,,1.3113025033015486,
,,,,,,,,,,2.6948715841744257,
,,,,,,,,,,0.4341829301989376,
,,,,,,,,,,2.0552462046298037,
,,,,,,,,,,6.57789264855247,
,,,,,,,,,,4.313691612812155,
,,,,,,,,,,1.0883467828885758,
,,,,,,,,,,6.478108507434033,
,,,,,,,,,,2.7534992183227427,
,,,,,,,,,,1.299359870489117,
,,,,,,,,,,2.230517965546909,
,,,,,,,,,,0.8672675316877001,
,,,,,,,,,,1.889459134432244,
,,,,,,,,,,1.7842733179391366,
,,,,,,,,,,7.591074197332883,
,,,,,,,,,,1.931430565869482,
,,,,,,,,,,1.0203871099171242,
,,,,,,,,,,1.4227764514995933,
,,,,,,,,,,0.9965289785269165,
,,,,,,,,,,1.1139110331123205,
,,,,,,,,,,6.595667082644596,
,,,,,,,,,,4.0980069520201505,
,,,,,,,,,,1.4912642135609762,
,,,,,,,,,,4.857142922278411,
,,,,,,,,,,1.6251779164098192,
,,,,,,,,,,7.621706646716329,
,,,,,,,,,,0.9301815649067033,
,,,,,,,,,,1.7470207950026981,
,,,,,,,,,,2.530116115760314,
,,,,,,,,,,4.740041639395624,
,,,,,,,,,,1.08981521710368,
,,,,,,,,,,2.0720571709100053,
,,,,,,,,,,5.281758287459401,
,,,,,,,,,,2.6848547686884032,
,,,,,,,,,,8.839829179191332,
,,,,,,,,,,0.4957412245117209,
,,,,,,,,,,1.318007658681812,
,,,,,,,,,,0.6115122991240574,
,,,,,,,,,,1.1572661105801987,
,,,,,,,,,,1.5784671284466254,
,,,,,,,,,,0.6037643712577426,
,,,,,,,,,,1.359914151709158,
,,,,,,,,,,3.662588709220088,
,,,,,,,,,,0.7409522928159459,
,,,,,,,,,,0.4515848779467696,
,,,,,,,,,,4.100750459913621,
,,,,,,,,,,1.7803748159705068,
,,,,,,,,,,2.955247200813176,
,,,,,,,,,,2.566171202907969,
,,,,,,,,,,3.8372457965606483,
,,,,,,,,,,3.1564404664455887,
,,,,,,,,,,4.944819017345762,
,,,,,,,,,,1.6986530002223845,
,,,,,,,,,,3.446670591801743,
,,,,,,,,,,1.648713340071153,
,,,,,,,,,,4.398597514714363,
,,,,,,,,,,3.862829211033749,
,,,,,,,,,,4.853914301061139,
,,,,,,,,,,5.426524864294618,
,,,,,,,,,,2.0236919179061332,
,,,,,,,,,,1.492630890292864,
,,,,,,,,,,6.4046999208054425,
,,,,,,,,,,0.09835818676791325,
,,,,,,,,,,0.6549776494905727,
,,,,,,,,,,2.25253359050497,
,,,,,,,,,,4.253123700235928,
,,,,,,,,,,3.897248789813045,
,,,,,,,,,,3.169978317569141,
,,,,,,,,,,3.2684170939641546,
,,,,,,,,,,0.529675614319019,
,,,,,,,,,,0.7950981485833695,
,,,,,,,,,,4.02973035158923,
,,,,,,,,,,6.214535978911802,
,,,,,,,,,,0.25255703935853363,
,,,,,,,,,,2.219853582736386,
,,,,,,,,,,4.736620754009984,
,,,,,,,,,,2.567147857886499,
,,,,,,,,,,2.7500498967499976,
,,,,,,,,,,8.552442708076043,
,,,,,,,,,,2.7269796952756593,
,,,,,,,,,,8.258634687880738,
,,,,,,,,,,3.159884746251033,
,,,,,,,,,,1.5856623843662112,
,,,,,,,,,,2.614767973918234,
,,,,,,,,,,2.245932995748336,
,,,,,,,,,,3.085910526664974,
,,,,,,,,,,1.7672976485885703,
,,,,,,,,,,4.229199402296662,
,,,,,,,,,,1.827144748470056,
,,,,,,,,,,5.700021899165129,
,,,,,,,,,,1.2919321202589906,
,,,,,,,,,,3.126282566083044,
,,,,,,,,,,1.9270468189967904,
,,,,,,,,,,2.965544355415102,
,,,,,,,,,,5.324413549512095,
,,,,,,,,,,1.2004756671276453,
,,,,,,,,,,0.3292093232403898,
,,,,,,,,,,3.5247167490271445,
,,,,,,,,,,2.894463125584245,
,,,,,,,,,,2.4200867755746427,
,,,,,,,,,,2.717066635307622,
